lead_rank,city,clinic_name,address,contact_email,contact_phone,official_website,listing_url,email_candidates
1,Amsterdam,Dental Clinics Amsterdam Reguliersgracht,"Reguliersgracht 142, Amsterdam",reguliersgracht@dentalclinics.nl,08 128 128 128 128-57,https://www.dentalclinics.nl/tandarts/amsterdam-reguliersgracht/,https://www.tandarts.nl/tandarts-amsterdam/dental-clinics-amsterdam-reguliersgracht,reguliersgracht@dentalclinics.nl
2,Amsterdam,Dental Clinics Amsterdam IJburglaan,"IJburglaan 388, Amsterdam",amsterdam@dentalclinics.nl,08 128 128 128 128-57,https://www.dentalclinics.nl/tandarts/amsterdam-ijburglaan,https://www.tandarts.nl/tandarts-amsterdam/dental-clinics-amsterdam-ijburglaan,amsterdam@dentalclinics.nl
3,Amsterdam,Mondzorgcentrum Amsterdam,"Ottho Heldringstraat 25 N, Amsterdam",info@mondzorgcentrum-amsterdam.nl,020 737 17 82,https://mondzorgcentrum-amsterdam.nl/,https://www.tandarts.nl/tandarts-amsterdam/mondzorgcentrum-amsterdam,info@mondzorgcentrum-amsterdam.nl
4,Rotterdam,Dental Clinics Rotterdam Ommoord,"Sinclair Lewisplaats 510A, Rotterdam",ommoord@dentalclinics.nl,03-2024-35-1-568,https://www.dentalclinics.nl/tandarts/rotterdam-ommoord/,https://www.tandarts.nl/tandarts-rotterdam/dental-clinics-rotterdam-ommoord,ommoord@dentalclinics.nl
5,Rotterdam,Dental Clinics Rotterdam Zuiderterras,"Zuiderterras 6, Rotterdam",zuiderterras@dentalclinics.nl,08 128 128 128 128-57,https://www.dentalclinics.nl/tandarts/rotterdam-zuiderterras/,https://www.tandarts.nl/tandarts-rotterdam/dental-clinics-rotterdam-zuiderterras,zuiderterras@dentalclinics.nl
6,Rotterdam,Dental Clinics Rotterdam Berglustlaan,"Berglustlaan 16, Rotterdam",berglustlaan@dentalclinics.nl,08 128 128 128 128-57,https://www.dentalclinics.nl/tandarts/rotterdam-berglustlaan/,https://www.tandarts.nl/tandarts-rotterdam/dental-clinics-rotterdam-berglustlaan,berglustlaan@dentalclinics.nl
7,Rotterdam,Mondzorg Centrum Rotterdam,"Heer Bokelweg 216, Rotterdam",info@mondzorgcentrum-rotterdam.nl,010-2827206,https://www.mondzorgcentrum-rotterdam.nl/de-praktijk/het-team/,https://www.tandarts.nl/tandarts-rotterdam/mondzorg-centrum-rotterdam,info@mondzorgcentrum-rotterdam.nl
8,Rotterdam,Dental Clinics Rotterdam Pleinweg,"Goereesestraat 2, Rotterdam",pleinweg@dentalclinics.nl,08 128 128 128 128-57,https://www.dentalclinics.nl/tandarts/rotterdam-pleinweg/,https://www.tandarts.nl/tandarts-rotterdam/dental-clinics-rotterdam-pleinweg,pleinweg@dentalclinics.nl
9,Rotterdam,Dental Clinics Rotterdam Eudokiaplein,"Eudokiaplein 35C, Rotterdam",eudokiaplein@dentalclinics.nl,08 128 128 128 128-57,https://www.dentalclinics.nl/tandarts/rotterdam-eudokiaplein/,https://www.tandarts.nl/tandarts-rotterdam/dental-clinics-rotterdam-eudokiaplein,eudokiaplein@dentalclinics.nl
10,Rotterdam,JTV Mondzorg voor Kids Rotterdam - Beukelsdijk,"Beukelsdijk 107, Rotterdam",info@mondzorgvoorkids.nl,,https://mondzorgvoorkids.nl/,https://www.tandarts.nl/tandarts-rotterdam/jtv-mondzorg-voor-kids-rotterdam-beukelsdijk,info@mondzorgvoorkids.nl; andesdreef@mondzorgvoorkids.nl; arnhem@mondzorgvoorkids.nl; baliebeukelsdijk@mondzorgvoorkids.nl; balierusthoflaan@mondzorgvoorkids.nl
11,Den Haag,Dental Clinics Den Haag Thomsonlaan,"Thomsonlaan 20, Den Haag",denhaag@dentalclinics.nl,06-2022-3-300,https://www.dentalclinics.nl/tandarts/den-haag-thomsonlaan/,https://www.tandarts.nl/tandarts-den-haag/dental-clinics-den-haag-thomsonlaan,denhaag@dentalclinics.nl
12,Den Haag,Lassus Tandartsen Wassenaarseweg,"Wassenaarseweg 18, Den Haag",wassenaarseweg@lassus.nl,(070) 406 1832,https://www.residentaal.nl/,https://www.tandarts.nl/tandarts-den-haag/lassus-tandartsen-wassenaarseweg,wassenaarseweg@lassus.nl
13,Den Haag,Dental Clinics Den Haag Wateringseveld,"Laan van Wateringse Veld 120, Den Haag",wateringseveld@dentalclinics.nl,08 128 128 128 128-57,https://www.dentalclinics.nl/tandarts/den-haag-wateringseveld/,https://www.tandarts.nl/tandarts-den-haag/dental-clinics-den-haag-wateringseveld,wateringseveld@dentalclinics.nl
14,Den Haag,Mondzorg Centrum den Haag,"Ammunitiehaven 19, Den Haag",info@tandartscentrumdenhaag.nl,070 326 0891,https://tandartscentrumdenhaag.nl,https://www.tandarts.nl/tandarts-den-haag/mondzorg-centrum-den-haag,info@tandartscentrumdenhaag.nl
15,Haarlem,Dental Clinics Haarlem Zijlweg,"Zijlweg 148 A1, Haarlem",haarlem@dentalclinics.nl,08 128 128 128 128-57,https://www.dentalclinics.nl/tandarts/haarlem-zijlweg/,https://www.tandarts.nl/tandarts-haarlem/dental-clinics-haarlem-zijlweg,haarlem@dentalclinics.nl
16,Haarlem,Dental Clinics Haarlem Rijksstraatweg,"Rijksstraatweg 126, Haarlem",rijksstraatweg@dentalclinics.nl,08 128 128 128 128-57,https://www.dentalclinics.nl/tandarts/haarlem-rijksstraatweg/,https://www.tandarts.nl/tandarts-haarlem/dental-clinics-haarlem-rijksstraatweg,rijksstraatweg@dentalclinics.nl
17,Amersfoort,Dental Clinics Amersfoort Hogekwartier,"De Velduil 3A, Amersfoort",hogekwartier@dentalclinics.nl,08 128 128 128 128-57,https://www.dentalclinics.nl/tandarts/amersfoort-hogekwartier/,https://www.tandarts.nl/tandarts-amersfoort/dental-clinics-amersfoort-hogekwartier,hogekwartier@dentalclinics.nl
18,Delft,Dental Clinics Delft,"Bagijnhof 80 , Delft",delft@dentalclinics.nl,01-07-2025-08-568,https://www.dentalclinics.nl/tandarts/delft/,https://www.tandarts.nl/tandarts-delft/dental-clinics-delft,delft@dentalclinics.nl
19,Dordrecht,Dental Clinics Dordrecht Singel,"Singel 333, Dordrecht",dordrecht@dentalclinics.nl,06-2025-04-568,https://www.dentalclinics.nl/tandarts/dordrecht-singel/,https://www.tandarts.nl/tandarts-dordrecht/dental-clinics-dordrecht-singel,dordrecht@dentalclinics.nl
20,Dordrecht,Dental Clinics Dordrecht Kuipershaven,"Schrijversstraat 2A, Dordrecht",kuipershaven@dentalclinics.nl,08 128 128 128 128-57,https://www.dentalclinics.nl/tandarts/dordrecht-kuipershaven/,https://www.tandarts.nl/tandarts-dordrecht/dental-clinics-dordrecht-kuipershaven,kuipershaven@dentalclinics.nl
21,Gouda,Dental Clinics Gouda Greenline,"Ronsseweg 551, Gouda",greenline@dentalclinics.nl,08 128 128 128 128-57,https://www.dentalclinics.nl/tandarts/gouda-greenline/,https://www.tandarts.nl/tandarts-gouda/dental-clinics-gouda-greenline,greenline@dentalclinics.nl
22,Gouda,Dental Clinics Gouda Büchnerweg,"Buchnerweg 7, Gouda",buchnerweg@dentalclinics.nl,08 128 128 128 128-57,https://www.dentalclinics.nl/tandarts/gouda-buchnerweg/,https://www.tandarts.nl/tandarts-gouda/dental-clinics-gouda-buchnerweg,buchnerweg@dentalclinics.nl
23,Gouda,Dental Clinics Gouda Burghvliet,"Noothoven van Goorstraat 60, Gouda",gouda@dentalclinics.nl,08 128 128 128 128-57,https://www.dentalclinics.nl/tandarts/gouda-burghvliet/,https://www.tandarts.nl/tandarts-gouda/dental-clinics-gouda-burghvliet,gouda@dentalclinics.nl
