lead_rank,quality_tier,quality_score,region_bucket,city,clinic_name,address,contact_email,contact_phone,official_website,contact_url,listing_url,total_ratings,google_score,google_total,tandarts_score,tandarts_total,practice_type,popular,subscription,verification_status,quality_reasons,email_candidates,already_contacted
1,A,107,core_brainport,Eindhoven,Dental Clinics Eindhoven,"Kerstrooslaan 2, Eindhoven",eindhoven@dentalclinics.nl,+31402118136,https://www.dentalclinics.nl/tandarts/eindhoven/,https://www.dentalclinics.nl/tandarts/eindhoven/contact,https://www.tandarts.nl/tandarts-eindhoven/dental-clinics-eindhoven,2023,4.6,605,9.4,987,tandarts_with_mond,True,"start_tariff,report_monitor,appointment,click,blog_service_zuid",official_site_and_email_verified,"official_website, public_email, public_phone, core_region, high_review_volume, popular_listing, general_practice_fit, appointment_flow_signal, email_matches_practice_domain",eindhoven@dentalclinics.nl,no
2,A,107,core_brainport,Eindhoven,pc2-tandartsen,"P.Czn. Hooftlaan 2, Eindhoven",receptie@pc2-tandartsen.nl,//040-2930399,https://www.pc2-tandartsen.nl,https://www.pc2-tandartsen.nl/contact,https://www.tandarts.nl/tandarts-eindhoven/pc2-tandartsen,1203,4.6,340,9.4,289,tandarts_with_mond,True,"start_tariff,appointment_request,appointment,click",official_site_and_email_verified,"official_website, public_email, public_phone, core_region, high_review_volume, popular_listing, general_practice_fit, appointment_flow_signal, email_matches_practice_domain",receptie@pc2-tandartsen.nl; pc2tandartsen@zorgmail.nl,no
3,A,107,core_brainport,Helmond,Tandartsenpraktijk Brouwhuis,"Overloop 50, Helmond",info@tandartsenpraktijkbrouwhuis.nl,0492 511811,http://www.tandartsenpraktijkbrouwhuis.nl/,http://www.tandartsenpraktijkbrouwhuis.nl/contact,https://www.tandarts.nl/tandarts-helmond/tandartsenpraktijk-brouwhuis,585,4.3,51,9.0,2,tandarts_with_mond,True,"start_tariff,report_monitor,call,appointment_request,click,blog_service_quantity_4,blog_service_zuid",official_site_and_email_verified,"official_website, public_email, public_phone, core_region, high_review_volume, popular_listing, general_practice_fit, appointment_flow_signal, email_matches_practice_domain",info@tandartsenpraktijkbrouwhuis.nl,no
4,A,107,core_brainport,Veldhoven,City Mondzorg - Veldhoven,"Horst 18, Veldhoven",info@citymondzorg.nl,+31 040 251 45 27,https://www.citymondzorg.nl,https://www.citymondzorg.nl/contact,https://www.tandarts.nl/tandarts-veldhoven/city-mondzorg-veldhoven,370,4.4,66,9.2,304,tandarts_with_mond,True,"start_tariff,youvia_olm,report_monitor,exquise_service,review_widget,call,appointment,click,blog_service_zuid",official_site_and_email_verified,"official_website, public_email, public_phone, core_region, high_review_volume, popular_listing, general_practice_fit, appointment_flow_signal, email_matches_practice_domain",info@citymondzorg.nl; receptie@citymondzorg.nl,no
5,A,104,core_brainport,Eindhoven,Oud Stratum Tandartsen,"Leenderweg 10, Eindhoven",info@oudstratumtandartsen.nl,040 2111458,https://www.oudstratumtandartsen.nl,https://www.oudstratumtandartsen.nl/contact,https://www.tandarts.nl/tandarts-eindhoven/oud-stratum-tandartsen,152,4.9,149,10.0,3,tandarts_with_mond,True,"start_tariff,youvia_olm,report_monitor,appointment_request,click",official_site_and_email_verified,"official_website, public_email, public_phone, core_region, good_review_volume, popular_listing, general_practice_fit, appointment_flow_signal, email_matches_practice_domain",info@oudstratumtandartsen.nl,no
6,A,104,core_brainport,Eindhoven,Tandartspraktijk De Oude Toren B.V.,"Amundsenlaan 309, Eindhoven",info@tandartspraktijkdeoudetoren.nl,040 291 2682,https://www.tandartspraktijkdeoudetoren.nl,https://www.tandartspraktijkdeoudetoren.nl/contact,https://www.tandarts.nl/tandarts-eindhoven/tandartspraktijk-de-oude-toren-bv,96,3.1,19,,0,tandarts_with_mond,True,"start_tariff,report_monitor,call,appointment_request,appointment,click,blog_service_quantity_4,blog_service_zuid",official_site_and_email_verified,"official_website, public_email, public_phone, core_region, good_review_volume, popular_listing, general_practice_fit, appointment_flow_signal, email_matches_practice_domain",info@tandartspraktijkdeoudetoren.nl; tandartspraktijkdeoudetoren@zorgmail.nl; 500142256@lms.lifeline.nl,no
7,A,102,core_brainport,Best,Dental Clinics Best,"Oirschotseweg 70, Best",best@dentalclinics.nl,+31499392920,https://www.dentalclinics.nl/tandarts/best/,https://www.dentalclinics.nl/tandarts/best/contact,https://www.tandarts.nl/tandarts-best/dental-clinics-best,1113,4.6,362,9.2,497,tandarts_with_mond,True,"start_tariff,report_monitor,click,blog_service_zuid",official_site_and_email_verified,"official_website, public_email, public_phone, core_region, high_review_volume, popular_listing, general_practice_fit, email_matches_practice_domain",best@dentalclinics.nl,no
8,A,101,core_brainport,Eindhoven,Atlas Dental Care Eindhoven,"Ten Hagestraat 10, Eindhoven",info@atlaseindhoven.nl,0402364711,https://atlaseindhoven.nl/contact/,https://atlaseindhoven.nl/contact/contact,https://www.tandarts.nl/tandarts-eindhoven/atlas-dental-care-eindhoven,68,,0,8.3,15,tandarts_with_mond,True,"start_tariff,call,appointment,click,blog_service_zuid",official_site_and_email_verified,"official_website, public_email, public_phone, core_region, some_reviews, popular_listing, general_practice_fit, appointment_flow_signal, email_matches_practice_domain",info@atlaseindhoven.nl,no
9,A,101,core_brainport,Eindhoven,Tandartspraktijk Sibeliuslaan,"Sibeliuslaan 317, Eindhoven",info@tandartssibeliuslaan.nl,0403030967,https://www.tandartssibeliuslaan.nl/,https://www.tandartssibeliuslaan.nl/contact,https://www.tandarts.nl/tandarts-eindhoven/tandartspraktijk-sibeliuslaan,50,4.5,41,9.5,9,tandarts_with_mond,True,"start_tariff,youvia_olm,report_monitor,exquise_service,call,appointment_request,appointment,click",official_site_and_email_verified,"official_website, public_email, public_phone, core_region, some_reviews, popular_listing, general_practice_fit, appointment_flow_signal, email_matches_practice_domain",info@tandartssibeliuslaan.nl,no
10,A,97,core_brainport,Helmond,Tandartsen Helmond,"Zuidende 27, Helmond",info@tandartsenhelmond.nl,0492525288,https://www.tandartsenhelmond.nl,https://www.tandartsenhelmond.nl/contact,https://www.tandarts.nl/tandarts-helmond/tandartsen-helmond,6,,0,9.6,6,tandarts_with_mond,True,"start_tariff,youvia_olm,report_monitor,exquise_service,call,appointment_request,appointment,click,blog_service_zuid",official_site_and_email_verified,"official_website, public_email, public_phone, core_region, popular_listing, general_practice_fit, appointment_flow_signal, email_matches_practice_domain",info@tandartsenhelmond.nl; http://info@tandartsenhelmond.nl,no
11,A,97,core_brainport,Eindhoven,Tandartsen Gestel,"Bennekelstraat 7, Eindhoven",info@tandartsengestel.nl,+310403030020,http://www.tandartsengestel.nl/,http://www.tandartsengestel.nl/contact,https://www.tandarts.nl/tandarts-eindhoven/tandartsen-gestel,3,,0,9.7,3,tandarts_with_mond,True,"start_tariff,youvia_olm,report_monitor,call,appointment_request,appointment,click",official_site_and_email_verified,"official_website, public_email, public_phone, core_region, popular_listing, general_practice_fit, appointment_flow_signal, email_matches_practice_domain",info@tandartsengestel.nl; http://info@tandartsengestel.nl,no
12,A,97,core_brainport,Eindhoven,Praktijk voor parodontologie en implantologie Eindhoven,"Fransebaan 604, Eindhoven",info@paro-eindhoven.nl,0402230444,https://www.paro-eindhoven.nl,https://www.paro-eindhoven.nl/contact,https://www.tandarts.nl/tandarts-eindhoven/praktijk-voor-parodontologie-en-implantologie-eindhoven,0,,0,,0,tandarts,True,"start_tariff,call,appointment,click,blog_service_zuid",official_site_and_email_verified,"official_website, public_email, public_phone, core_region, popular_listing, general_practice_fit, appointment_flow_signal, email_matches_practice_domain",info@paro-eindhoven.nl,no
13,A,97,core_brainport,Eindhoven,Tandprothetische praktijk de Polders Eindhoven,"Leenderweg 94, Eindhoven",info@depolders.nl,000402541639,https://depolders.nl/tandprothese/,https://depolders.nl/tandprothese/contact,https://www.tandarts.nl/tandarts-eindhoven/tandprothetische-praktijk-de-polders-eindhoven,0,,0,,0,tandarts,True,"start_tariff,call,appointment,click",official_site_and_email_verified,"official_website, public_email, public_phone, core_region, popular_listing, general_practice_fit, appointment_flow_signal, email_matches_practice_domain",info@depolders.nl,no
14,A,92,core_brainport,Eindhoven,MKA Kliniek Eindhoven,"Ten Hagestraat 10, Eindhoven",info@mkakliniekeindhoven.nl,0859022999,https://www.mkakliniekeindhoven.nl,https://www.mkakliniekeindhoven.nl/contact,https://www.tandarts.nl/tandarts-eindhoven/mka-kliniek-eindhoven,0,,0,,0,kaakchirurgie,True,"start_tariff,call,appointment,click,blog_service_zuid",official_site_and_email_verified,"official_website, public_email, public_phone, core_region, popular_listing, appointment_flow_signal, email_matches_practice_domain",info@mkakliniekeindhoven.nl,no
15,A,101,brabant_extended,Tilburg,Smile Mondzorg Tilburg,"Haendellaan 50, Tilburg",info@smilemondzorg.nl,013 455 1674,http://www.smilemondzorg.nl/,http://www.smilemondzorg.nl/contact,https://www.tandarts.nl/tandarts-tilburg/smile-mondzorg-tilburg,1781,3.1,28,9.0,42,tandarts_with_mond,True,"start_tariff,report_monitor,exquise_service,call,appointment_request,appointment,click,blog_service_zuid",official_site_and_email_verified,"official_website, public_email, public_phone, brabant_region, high_review_volume, popular_listing, general_practice_fit, appointment_flow_signal, email_matches_practice_domain",info@smilemondzorg.nl; smilemondzorg@zorgmail.nl,no
16,A,101,brabant_extended,Tilburg,Tandartsenpraktijk Steenbergen Tilburg B.V.,"Kruisvaardersstraat, Tilburg",tilburg@tandarts-steenbergen.nl,+31135352535,https://www.tandarts-steenbergen.nl,https://www.tandarts-steenbergen.nl/contact,https://www.tandarts.nl/tandarts-tilburg/tandartsenpraktijk-steenbergen-tilburg-bv,745,4.5,17,9.5,2,tandarts_with_mond,True,"start_tariff,report_monitor,call,appointment_request,appointment,click,blog_service_quantity_4,blog_service_zuid",official_site_and_email_verified,"official_website, public_email, public_phone, brabant_region, high_review_volume, popular_listing, general_practice_fit, appointment_flow_signal, email_matches_practice_domain",tilburg@tandarts-steenbergen.nl,no
17,A,101,brabant_extended,Breda,Dental Clinics Breda Princenhage,"Pastoor van Spaandonkstraat 3, Breda",breda@dentalclinics.nl,+31765214214,https://www.dentalclinics.nl/tandarts/breda-princenhage/,https://www.dentalclinics.nl/tandarts/breda-princenhage/contact,https://www.tandarts.nl/tandarts-breda/dental-clinics-breda-princenhage,719,4.6,217,9.0,294,tandarts_with_mond,True,"start_tariff,report_monitor,appointment,click,blog_service_quantity_4,blog_service_zuid",official_site_and_email_verified,"official_website, public_email, public_phone, brabant_region, high_review_volume, popular_listing, general_practice_fit, appointment_flow_signal, email_matches_practice_domain",breda@dentalclinics.nl,no
18,A,101,brabant_extended,Oss,Dental Clinics Oss,"Raadhuislaan 5b, Oss",oss@dentalclinics.nl,+31412646746,https://www.dentalclinics.nl/tandarts/oss/,https://www.dentalclinics.nl/tandarts/oss/contact,https://www.tandarts.nl/tandarts-oss/dental-clinics-oss,557,4.8,173,9.4,243,tandarts_with_mond,True,"start_tariff,report_monitor,appointment,click,blog_service_quantity_4,blog_service_zuid",official_site_and_email_verified,"official_website, public_email, public_phone, brabant_region, high_review_volume, popular_listing, general_practice_fit, appointment_flow_signal, email_matches_practice_domain",oss@dentalclinics.nl,no
19,A,101,brabant_extended,Tilburg,Mondzorg Tilburg West,"Burgemeester van de Mortelplein, Tilburg",contact@mondzorgtilburgwest.nl,//013-5426219,https://mondzorgtilburgwest.nl,https://mondzorgtilburgwest.nl/contact,https://www.tandarts.nl/tandarts-tilburg/mondzorg-tilburg-west,540,4.7,199,9.3,198,tandarts_with_mond,True,"start_tariff,report_monitor,review_widget,call,appointment_request,appointment,click,blog_service_quantity_4,blog_service_zuid,seo_metadata",official_site_and_email_verified,"official_website, public_email, public_phone, brabant_region, high_review_volume, popular_listing, general_practice_fit, appointment_flow_signal, email_matches_practice_domain",contact@mondzorgtilburgwest.nl,no
20,A,101,brabant_extended,Tilburg,Tandartspraktijk Laugeman,"Conservatoriumlaan 56, Tilburg",info@laugemantandartspraktijk.nl,0134676803,https://www.laugemantandartspraktijk.nl/,https://www.laugemantandartspraktijk.nl/contact,https://www.tandarts.nl/tandarts-tilburg/tandartspraktijk-laugeman,447,4.1,30,8.8,83,tandarts_with_mond,True,"start_tariff,call,appointment,click,blog_service_zuid",official_site_and_email_verified,"official_website, public_email, public_phone, brabant_region, high_review_volume, popular_listing, general_practice_fit, appointment_flow_signal, email_matches_practice_domain",info@laugemantandartspraktijk.nl,no
21,A,101,brabant_extended,Tilburg,Dental Clinics Tilburg Reeshof,"Drongelenhof 20, Tilburg",reeshof@dentalclinics.nl,+31135710606,https://www.dentalclinics.nl/tandarts/tilburg-reeshof/,https://www.dentalclinics.nl/tandarts/tilburg-reeshof/contact,https://www.tandarts.nl/tandarts-tilburg/dental-clinics-tilburg-reeshof,391,4.3,174,8.8,148,tandarts_with_mond,True,"start_tariff,report_monitor,appointment,click",official_site_and_email_verified,"official_website, public_email, public_phone, brabant_region, high_review_volume, popular_listing, general_practice_fit, appointment_flow_signal, email_matches_practice_domain",reeshof@dentalclinics.nl,no
22,A,101,brabant_extended,Uden,Tandartspraktijk Uden-Zuid B.V.,"Verlengde Velmolen 21, Uden",info@tandartsudenzuid.nl,+31413258280,https://www.tandartsudenzuid.nl/wie-zijn-wij,https://www.tandartsudenzuid.nl/wie-zijn-wij/contact,https://www.tandarts.nl/tandarts-uden/tandartspraktijk-uden-zuid-bv,323,4.4,20,7.4,3,tandarts_with_mond,True,"start_tariff,report_monitor,call,appointment_request,click,blog_service_quantity_4,blog_service_zuid",official_site_and_email_verified,"official_website, public_email, public_phone, brabant_region, high_review_volume, popular_listing, general_practice_fit, appointment_flow_signal, email_matches_practice_domain",info@tandartsudenzuid.nl; rob@bbig-design.com; support@jouwweb.nl,no
23,A,98,brabant_extended,Den Bosch,Centrumtandzorg,"Eekbrouwersweg 4, Den Bosch",administratie@centrumtandzorg.nl,013 234 0880 --,https://centrumtandzorg.nl,https://centrumtandzorg.nl/contact,https://www.tandarts.nl/tandarts-den-bosch/centrumtandzorg,149,4.1,141,7.7,5,tandarts,True,"start_tariff,report_monitor,call,appointment_request,appointment,click,blog_service_zuid",official_site_and_email_verified,"official_website, public_email, public_phone, brabant_region, good_review_volume, popular_listing, general_practice_fit, appointment_flow_signal, email_matches_practice_domain",administratie@centrumtandzorg.nl; info@centrumtandzorg.nl,no
24,A,98,brabant_extended,Breda,Tandartspraktijk MC Dent,"Essendonk 7a, Breda",info@mcdent.nl,076 82 00 211,https://www.mcdent.nl/behandelingen/,https://www.mcdent.nl/behandelingen/contact,https://www.tandarts.nl/tandarts-breda/tandartspraktijk-mc-dent,135,4.2,37,8.1,20,tandarts_with_mond,True,"start_tariff,call,appointment,click,blog_service_zuid",official_site_and_email_verified,"official_website, public_email, public_phone, brabant_region, good_review_volume, popular_listing, general_practice_fit, appointment_flow_signal, email_matches_practice_domain",info@mcdent.nl,no
25,A,98,brabant_extended,Den Bosch,Tandartspraktijk Zuid-Willemsvaart,"Zuid-Willemsvaart 569, Den Bosch",info@tandartspraktijkzuidwillemsvaart.nl,073 6100062,https://tandartspraktijkzuidwillemsvaart.nl,https://tandartspraktijkzuidwillemsvaart.nl/contact,https://www.tandarts.nl/tandarts-den-bosch/tandartspraktijk-zuid-willemsvaart,124,,0,10.0,1,tandarts_with_mond,True,"start_tariff,call,appointment,click,blog_service_zuid",official_site_and_email_verified,"official_website, public_email, public_phone, brabant_region, good_review_volume, popular_listing, general_practice_fit, appointment_flow_signal, email_matches_practice_domain",info@tandartspraktijkzuidwillemsvaart.nl,no
26,A,96,brabant_extended,Oss,Tandartsenpraktijk Steenbergen Oss B.V.,"Medicijnstraat 120, Oss",oss@tandarts-steenbergen.nl,0412 – 639 722,https://www.tandarts-steenbergen-oss.nl,https://www.tandarts-steenbergen-oss.nl/contact,https://www.tandarts.nl/tandarts-oss/tandartsenpraktijk-steenbergen-oss-bv,1720,4.1,36,9.6,9,tandarts_with_mond,True,"start_tariff,report_monitor,call,appointment_request,appointment,click,blog_service_quantity_4,blog_service_zuid",official_site_and_email_verified,"official_website, public_email, public_phone, brabant_region, high_review_volume, popular_listing, general_practice_fit, appointment_flow_signal",oss@tandarts-steenbergen.nl,no
27,A,96,brabant_extended,Tilburg,Dental Clinics Tilburg Amazone,"Lage Witsiebaan 78, Tilburg",amazone@dentalclinics.nl,+31134670860,https://www.dentalclinics.nl/tandarts/tilburg-amazone/,https://www.dentalclinics.nl/tandarts/tilburg-amazone/contact,https://www.tandarts.nl/tandarts-tilburg/dental-clinics-tilburg-amazone,1034,4.6,244,9.2,530,tandarts_with_mond,True,"start_tariff,report_monitor,click,blog_service_quantity_4,blog_service_zuid",official_site_and_email_verified,"official_website, public_email, public_phone, brabant_region, high_review_volume, popular_listing, general_practice_fit, email_matches_practice_domain",amazone@dentalclinics.nl,no
28,A,95,brabant_extended,Den Bosch,Dental Clinics Empel,"Burgemeesters Godschalxstraat 74, Den Bosch",denbosch-empel@dentalclinics.nl,+31736137742,https://www.dentalclinics.nl/tandarts/empel/,https://www.dentalclinics.nl/tandarts/empel/contact,https://www.tandarts.nl/tandarts-den-bosch/dental-clinics-empel,61,,0,8.7,33,tandarts_with_mond,True,"start_tariff,report_monitor,appointment,click",official_site_and_email_verified,"official_website, public_email, public_phone, brabant_region, some_reviews, popular_listing, general_practice_fit, appointment_flow_signal, email_matches_practice_domain",denbosch-empel@dentalclinics.nl,no
29,A,95,brabant_extended,Oss,Tandartsenpraktijk Leempoel-Groenewegen,"de Maasvallei 107, Oss",balie@leempoel-groenewegen.nl,+31412691419,https://leempoel-groenewegen.nl,https://leempoel-groenewegen.nl/contact,https://www.tandarts.nl/tandarts-oss/tandartsenpraktijk-leempoel-groenewegen,27,4.2,23,10.0,4,tandarts_with_mond,True,"start_tariff,call,appointment_request,appointment,click,blog_service_zuid",official_site_and_email_verified,"official_website, public_email, public_phone, brabant_region, some_reviews, popular_listing, general_practice_fit, appointment_flow_signal, email_matches_practice_domain",balie@leempoel-groenewegen.nl; tpleempoelgroenewegen@zorgmail.nl,no
30,A,93,brabant_extended,Breda,Dental Clinics Breda Belcrum Linie,"Christiaan Huygensstraat 40, Breda",belcrum.linie@dentalclinics.nl,+31765214214,https://www.dentalclinics.nl/tandarts/breda-belcrum-linie/,https://www.dentalclinics.nl/tandarts/breda-belcrum-linie/contact,https://www.tandarts.nl/tandarts-breda/dental-clinics-breda-belcrum-linie,184,4.6,62,9.2,82,tandarts_with_mond,True,"start_tariff,report_monitor,click,blog_service_zuid",official_site_and_email_verified,"official_website, public_email, public_phone, brabant_region, good_review_volume, popular_listing, general_practice_fit, email_matches_practice_domain",belcrum.linie@dentalclinics.nl,no
31,A,91,brabant_extended,Roosendaal,Tandartspraktijk Kroeven,"Kroevenlaan 33, Roosendaal",info@tandartspraktijkkroeven.nl,0165-567969,https://www.tandartspraktijkkroeven.nl/,https://www.tandartspraktijkkroeven.nl/contact,https://www.tandarts.nl/tandarts-roosendaal/tandartspraktijk-kroeven,15,4.1,13,10.0,1,tandarts_with_mond,True,"start_tariff,youvia_olm,report_monitor,call,appointment_request,appointment,click,blog_service,blog_service_zuid",official_site_and_email_verified,"official_website, public_email, public_phone, brabant_region, popular_listing, general_practice_fit, appointment_flow_signal, email_matches_practice_domain",info@tandartspraktijkkroeven.nl,no
32,A,91,brabant_extended,Bergen op Zoom,Tandartspraktijk Novita,"Boerhaaveplein 9B    , Bergen Op Zoom",info@tpnovita.nl,+0164 30 40 99,https://tpnovita.nl,https://tpnovita.nl/contact,https://www.tandarts.nl/tandarts-bergen-op-zoom/tandartspraktijk-novita,3,,0,9.8,3,tandarts_with_mond,True,"none,start_tariff,youvia_olm,report_monitor,exquise_service,call,appointment_request,appointment,click",official_site_and_email_verified,"official_website, public_email, public_phone, brabant_region, popular_listing, general_practice_fit, appointment_flow_signal, email_matches_practice_domain",info@tpnovita.nl; info@novita.com,no
33,A,91,brabant_extended,Breda,Tandartsenpraktijk Kieskeurig,"Haagweg 248, Breda",info@tandartsenpraktijk-kieskeurig.nl,+31768891910,https://www.tandartsenpraktijk-kieskeurig.nl/kinderen/,https://www.tandartsenpraktijk-kieskeurig.nl/kinderen/contact,https://www.tandarts.nl/tandarts-breda/tandartsenpraktijk-kieskeurig,3,,0,9.6,3,tandarts_with_mond,True,"start_tariff,youvia_olm,appointment_request,appointment,click,blog_service_zuid",official_site_and_email_verified,"official_website, public_email, public_phone, brabant_region, popular_listing, general_practice_fit, appointment_flow_signal, email_matches_practice_domain",info@tandartsenpraktijk-kieskeurig.nl,no
34,A,91,brabant_extended,Den Bosch,Tandartspraktijk de Kooiker,"Kooikersweg 203, Den Bosch",info@dekooiker.nl,+31736217016,https://www.dekooiker.nl,https://www.dekooiker.nl/contact,https://www.tandarts.nl/tandarts-den-bosch/tandartspraktijk-de-kooiker,1,,0,,0,tandarts_with_mond,True,"start_tariff,call,appointment_request,appointment,click,blog_service_zuid",official_site_and_email_verified,"official_website, public_email, public_phone, brabant_region, popular_listing, general_practice_fit, appointment_flow_signal, email_matches_practice_domain",info@dekooiker.nl,no
35,A,91,brabant_extended,Breda,Praktijk voor Parodontologie en Implantologie Breda,"Brederostraat 2b, Breda",infobalie@parobreda.nl,0047864255,https://www.parobreda.nl,https://www.parobreda.nl/contact,https://www.tandarts.nl/tandarts-breda/praktijk-voor-parodontologie-en-implantologie-breda,0,,0,,0,tandarts_with_mond,True,"start_tariff,report_monitor,call,appointment_request,appointment,click,blog_service_quantity_4,blog_service_zuid",official_site_and_email_verified,"official_website, public_email, public_phone, brabant_region, popular_listing, general_practice_fit, appointment_flow_signal, email_matches_practice_domain",infobalie@parobreda.nl; gebruiker@domein.com,no
36,A,90,brabant_extended,Den Bosch,Tandartspraktijk Zevenhont,"Zevenhontseweg 5, Den Bosch",info@zevenhont.com,+31736417722,https://www.tandartspraktijkzevenhont.nl/,https://www.tandartspraktijkzevenhont.nl/contact,https://www.tandarts.nl/tandarts-den-bosch/tandartspraktijk-zevenhont,27,,0,7.2,3,tandarts_with_mond,True,"start_tariff,email_service,call,appointment_request,appointment,click,blog_service_zuid",official_site_and_email_verified,"official_website, public_email, public_phone, brabant_region, some_reviews, popular_listing, general_practice_fit, appointment_flow_signal",info@zevenhont.com,no
37,A,90,brabant_extended,Uden,Tandartspraktijk Maashorst,"Breukrand 115, Uden",tandartspraktijkmaashorst@gmail.com,0413264490,https://tandartspraktijkmaashorst.nl,https://tandartspraktijkmaashorst.nl/contact,https://www.tandarts.nl/tandarts-uden/tandartspraktijk-maashorst,24,4.5,17,5.5,4,tandarts,True,"start_tariff,call,appointment_request,appointment,click,blog_service_zuid",official_site_and_email_verified,"official_website, public_email, public_phone, brabant_region, some_reviews, popular_listing, general_practice_fit, appointment_flow_signal",tandartspraktijkmaashorst@gmail.com,no
38,A,86,brabant_extended,Bergen op Zoom,Tandgaaf,"Dubbelstraat 90, Bergen Op Zoom",bureau@krt.nu,,https://tandartsregister.nl/,https://tandartsregister.nl/contact,https://www.tandarts.nl/tandarts-bergen-op-zoom/tandgaaf,255,4.3,131,8.5,50,tandarts_with_mond,True,"start_tariff,youvia_olm,report_monitor,review_widget,appointment_request,click,blog_service_zuid",official_site_and_email_verified,"official_website, public_email, brabant_region, high_review_volume, popular_listing, general_practice_fit, appointment_flow_signal",bureau@krt.nu,no
39,A,98,adjacent_south,Utrecht,Dental Clinics Utrecht Maliebaan,"Maliebaan 44, Utrecht",maliebaan@dentalclinics.nl,+31302310003,https://www.dentalclinics.nl/tandarts/utrecht-maliebaan/,https://www.dentalclinics.nl/tandarts/utrecht-maliebaan/contact,https://www.tandarts.nl/tandarts-utrecht/dental-clinics-utrecht-maliebaan,1798,4.6,438,9.3,891,tandarts_with_mond,True,"start_tariff,report_monitor,appointment,click,blog_service_quantity_4,blog_service_midden",official_site_and_email_verified,"official_website, public_email, public_phone, adjacent_region, high_review_volume, popular_listing, general_practice_fit, appointment_flow_signal, email_matches_practice_domain",maliebaan@dentalclinics.nl,no
40,A,98,adjacent_south,Nijmegen,Tandartspraktijk Bochem Brakkenstein,"Kanunnik Faberstraat 2, Nijmegen",tandarts@bochem.nl,024 323 44 22,https://www.bochem.nl,https://www.bochem.nl/contact,https://www.tandarts.nl/tandarts-nijmegen/tandartspraktijk-bochem-brakkenstein,509,4.8,10,9.5,399,tandarts_with_mond,True,"start_tariff,youvia_olm,report_monitor,exquise_service,review_widget,call,appointment_request,appointment,click,blog_service_oost",official_site_and_email_verified,"official_website, public_email, public_phone, adjacent_region, high_review_volume, popular_listing, general_practice_fit, appointment_flow_signal, email_matches_practice_domain",tandarts@bochem.nl; tpbochembrakkenstein@zorgmail.nl,no
41,A,98,adjacent_south,Utrecht,Dental Clinics Utrecht Oudenoord,"Oudenoord 619-621, Utrecht",oudenoord@dentalclinics.nl,+31302315370,https://www.dentalclinics.nl/tandarts/utrecht-oudenoord/,https://www.dentalclinics.nl/tandarts/utrecht-oudenoord/contact,https://www.tandarts.nl/tandarts-utrecht/dental-clinics-utrecht-oudenoord,461,4.4,169,9.5,205,tandarts_with_mond,True,"start_tariff,report_monitor,appointment,click",official_site_and_email_verified,"official_website, public_email, public_phone, adjacent_region, high_review_volume, popular_listing, general_practice_fit, appointment_flow_signal, email_matches_practice_domain",oudenoord@dentalclinics.nl,no
42,A,98,adjacent_south,Utrecht,Boelens Tandartsen,"Amsterdamsestraatweg 591, Utrecht",info@boelenstandartsen.nl,+31302442023,http://www.boelenstandartsen.nl/,http://www.boelenstandartsen.nl/contact,https://www.tandarts.nl/tandarts-utrecht/boelens-tandartsen,423,4.8,106,9.1,314,tandarts_with_mond,True,"start_tariff,youvia_olm,report_monitor,exquise_service,review_widget,call,appointment_request,appointment,click",official_site_and_email_verified,"official_website, public_email, public_phone, adjacent_region, high_review_volume, popular_listing, general_practice_fit, appointment_flow_signal, email_matches_practice_domain",info@boelenstandartsen.nl,no
43,A,95,adjacent_south,Weert,Tandzorg Oranjeplein,"Nassaulaan 3, Weert",info@tandzorgoranjeplein.nl,0495524261,https://www.tandzorgoranjeplein.nl/,https://www.tandzorgoranjeplein.nl/contact,https://www.tandarts.nl/tandarts-weert/tandzorg-oranjeplein,170,4.2,64,7.9,13,tandarts_with_mond,True,"start_tariff,call,appointment,click,blog_service_zuid",official_site_and_email_verified,"official_website, public_email, public_phone, adjacent_region, good_review_volume, popular_listing, general_practice_fit, appointment_flow_signal, email_matches_practice_domain",info@tandzorgoranjeplein.nl; info@tandzorgleuken.nl,no
44,A,95,adjacent_south,Venlo,Tandartspraktijk Wermenbol,"Kraanvogelstraat 2, Venlo",info@tandartswermenbol.nl,0031773526126,https://www.tandartswermenbol.nl,https://www.tandartswermenbol.nl/contact,https://www.tandarts.nl/tandarts-venlo/tandartspraktijk-wermenbol,152,4.4,15,,0,tandarts,True,"start_tariff,call,appointment_request,appointment,click,blog_service_zuid",official_site_and_email_verified,"official_website, public_email, public_phone, adjacent_region, good_review_volume, popular_listing, general_practice_fit, appointment_flow_signal, email_matches_practice_domain",info@tandartswermenbol.nl,no
45,A,95,adjacent_south,Nijmegen,Fortuna Kliniek Voor Tandheelkunde,"Dick Boerrigterplein 2, Nijmegen",info@fortunakliniek.nl,024-2036180,https://www.fortunakliniek.nl,https://www.fortunakliniek.nl/contact,https://www.tandarts.nl/tandarts-nijmegen/fortuna-kliniek-voor-tandheelkunde,128,4.7,61,,0,tandarts_with_mond,True,"start_tariff,report_monitor,call,appointment_request,appointment,click,blog_service,blog_service_oost",official_site_and_email_verified,"official_website, public_email, public_phone, adjacent_region, good_review_volume, popular_listing, general_practice_fit, appointment_flow_signal, email_matches_practice_domain",info@fortunakliniek.nl,no
46,A,95,adjacent_south,Utrecht,Tandartspraktijk Bartoklaan,"Bartoklaan 42, Utrecht",post@bartoklaan.nl,//030-2993666,https://www.bartoklaan.nl,https://www.bartoklaan.nl/contact,https://www.tandarts.nl/tandarts-utrecht/tandartspraktijk-bartoklaan,78,4.2,73,9.9,2,tandarts_with_mond,True,"start_tariff,call,appointment,click,blog_service_midden",official_site_and_email_verified,"official_website, public_email, public_phone, adjacent_region, good_review_volume, popular_listing, general_practice_fit, appointment_flow_signal, email_matches_practice_domain",post@bartoklaan.nl,no
47,A,93,adjacent_south,Venlo,Dental Clinics Venlo,"Deken van Oppensingel 9, Venlo",venlo@dentalclinics.nl,+31773513493,https://www.dentalclinics.nl/tandarts/venlo/,https://www.dentalclinics.nl/tandarts/venlo/contact,https://www.tandarts.nl/tandarts-venlo/dental-clinics-venlo,2382,4.7,496,9.4,1286,tandarts_with_mond,True,"start_tariff,report_monitor,click",official_site_and_email_verified,"official_website, public_email, public_phone, adjacent_region, high_review_volume, popular_listing, general_practice_fit, email_matches_practice_domain",venlo@dentalclinics.nl,no
48,A,93,adjacent_south,Maastricht,Dental Clinics Maastricht Centrum,"Koningin Emmaplein 10, Maastricht",maastricht@dentalclinics.nl,+31433251545,https://www.dentalclinics.nl/tandarts/maastricht-centrum/,https://www.dentalclinics.nl/tandarts/maastricht-centrum/contact,https://www.tandarts.nl/tandarts-maastricht/dental-clinics-maastricht-centrum,1627,4.4,470,9.3,742,tandarts_with_mond,True,"start_tariff,report_monitor,click,blog_service_quantity_4,blog_service_zuid",official_site_and_email_verified,"official_website, public_email, public_phone, adjacent_region, high_review_volume, popular_listing, general_practice_fit, email_matches_practice_domain",maastricht@dentalclinics.nl,no
49,A,93,adjacent_south,Maastricht,Dental Clinics Maastricht Heerderrein,"Rijksweg 72a 03, Maastricht",heerderrein@dentalclinics.nl,+31433614521,https://www.dentalclinics.nl/tandarts/maastricht-heerderrein/,https://www.dentalclinics.nl/tandarts/maastricht-heerderrein/contact,https://www.tandarts.nl/tandarts-maastricht/dental-clinics-maastricht-heerderrein,1455,4.7,350,9.3,730,tandarts_with_mond,True,"start_tariff,report_monitor,click,blog_service_quantity_4,blog_service_zuid",official_site_and_email_verified,"official_website, public_email, public_phone, adjacent_region, high_review_volume, popular_listing, general_practice_fit, email_matches_practice_domain",heerderrein@dentalclinics.nl,no
50,A,93,adjacent_south,Arnhem,Mondzorg Velperweg B.V.,"Velperweg 101B, Arnhem",info@mondzorgvelperweg.nl,0263614731,https://www.tandarts-in-arnhem.nl,https://www.tandarts-in-arnhem.nl/contact,https://www.tandarts.nl/tandarts-arnhem/mondzorg-velperweg-bv,535,4.2,109,9.8,15,tandarts_with_mond,True,"start_tariff,report_monitor,call,appointment_request,appointment,click,blog_service_quantity_4,blog_service_oost",official_site_and_email_verified,"official_website, public_email, public_phone, adjacent_region, high_review_volume, popular_listing, general_practice_fit, appointment_flow_signal",info@mondzorgvelperweg.nl,no
51,A,93,adjacent_south,Arnhem,Tandartsenpraktijk St.Elisabeths Gasthuis,"Sint Elisabethshof 1, Arnhem",press@google.com,00000193-644,"https://www.google.nl/maps/place/Tandartsenpraktijk+St.Elisabeths+Gasthuis/@,,3a,75y,135.91h,83.56t/data=!3m8!1e1!3m6!1sAF1QipNA2_yw8TjTywCSjDuSlRsSq1aY9mOu_pwg6saq!2e10!3e11!6shttps:%2F%2Flh5.googleusercontent.com%2Fp%2FAF1QipNA2_yw8TjTywCSjDuSlRsSq1aY9mOu_pwg6saq%3Dw203-h100-k-no-pi0-ya355.76-ro-0-fo100!7i9068!8i4534!4m9!3m8!1s0x47c7a5be1e915793:0x9ea8b2e0b7a996de!8m2!3d51!4d5!10e5!14m1!1BCgIgARICCAI!16s%2Fg%2F11hbv6m1xf?entry=ttu","https://www.google.nl/maps/place/Tandartsenpraktijk+St.Elisabeths+Gasthuis/@,,3a,75y,135.91h,83.56t/contact",https://www.tandarts.nl/tandarts-arnhem/tandartsenpraktijk-stelisabeths-gasthuis,291,3.8,20,9.0,269,tandarts_with_mond,True,"start_tariff,youvia_olm,report_monitor,review_widget,appointment,click,blog_service_oost",official_site_and_email_verified,"official_website, public_email, public_phone, adjacent_region, high_review_volume, popular_listing, general_practice_fit, appointment_flow_signal",press@google.com,no
52,A,92,adjacent_south,Utrecht,Mondzorgpraktijk Zuilen,"Amsterdamsestraatweg 697, Utrecht",info@mhzuilen.nl,0938706558-970,https://www.mhzuilen.nl,https://www.mhzuilen.nl/contact,https://www.tandarts.nl/tandarts-utrecht/mondzorgpraktijk-zuilen,66,4.6,54,7.5,4,tandarts_with_mond,True,"start_tariff,youvia_olm,report_monitor,review_widget,call,appointment_request,appointment,click",official_site_and_email_verified,"official_website, public_email, public_phone, adjacent_region, some_reviews, popular_listing, general_practice_fit, appointment_flow_signal, email_matches_practice_domain",info@mhzuilen.nl,no
53,A,92,adjacent_south,Utrecht,Jeugdtandarts Groen - Tandarts Utrecht,"Van Heuven Goedhartplein 33, Utrecht",info@jeugdtandartsgroen.nl,//030 8082793,https://www.jeugdtandartsgroen.nl,https://www.jeugdtandartsgroen.nl/contact,https://www.tandarts.nl/tandarts-utrecht/jeugdtandarts-groen-tandarts-utrecht,42,5.0,41,10.0,1,tandarts_with_mond,True,"start_tariff,youvia_olm,call,appointment_request,appointment,click,blog_service_midden",official_site_and_email_verified,"official_website, public_email, public_phone, adjacent_region, some_reviews, popular_listing, general_practice_fit, appointment_flow_signal, email_matches_practice_domain",info@jeugdtandartsgroen.nl,no
54,A,92,adjacent_south,Utrecht,Tandheelkunde Vleutenseweg,"Vleutenseweg 492, Utrecht",tandheelkundevleutenseweg@zorgmail.nl,0302935075,https://www.tandheelkundigcentrumvleutenseweg.nl/,https://www.tandheelkundigcentrumvleutenseweg.nl/contact,https://www.tandarts.nl/tandarts-utrecht/tandheelkunde-vleutenseweg,42,3.4,23,6.5,18,tandarts_with_mond,True,"start_tariff,call,appointment_request,appointment,click,blog_service_quantity_4,blog_service_midden",official_site_and_email_verified,"official_website, public_email, public_phone, adjacent_region, some_reviews, popular_listing, general_practice_fit, appointment_flow_signal, email_matches_practice_domain",tandheelkundevleutenseweg@zorgmail.nl; info@tandheelkundevleutenseweg.nl; joortandtechniek@gmail.com,no
55,A,92,adjacent_south,Utrecht,Tandheelkundig Centrum Contrast,"Pablo Picassostraat 187, Utrecht",info@thcc.nl,030-6663653,https://www.thcc.nl,https://www.thcc.nl/contact,https://www.tandarts.nl/tandarts-utrecht/tandheelkundig-centrum-contrast,42,3.5,30,,0,tandarts_with_mond,True,"start_tariff,call,appointment_request,appointment,click,blog_service_midden",official_site_and_email_verified,"official_website, public_email, public_phone, adjacent_region, some_reviews, popular_listing, general_practice_fit, appointment_flow_signal, email_matches_practice_domain",info@thcc.nl,no
56,A,92,adjacent_south,Utrecht,Studentist Utrecht,"Keistraat 4, Utrecht",utrecht@studentist.nl,020 751 0839,https://www.studentist.nl/tandarts-utrecht,https://www.studentist.nl/tandarts-utrecht/contact,https://www.tandarts.nl/tandarts-utrecht/studentist-utrecht,39,,0,8.5,30,tandarts_with_mond,True,"start_tariff,youvia_olm,report_monitor,call,appointment,click,blog_service_midden",official_site_and_email_verified,"official_website, public_email, public_phone, adjacent_region, some_reviews, popular_listing, general_practice_fit, appointment_flow_signal, email_matches_practice_domain",utrecht@studentist.nl; amsterdam.campus@studentist.nl; amsterdam@studentist.nl; groningen@studentist.nl; roeterseiland@studentist.nl,no
57,A,92,adjacent_south,Nijmegen,Tandheelkundig centrum Nijmegen,"Meijhorst 60-11, Nijmegen",info@tc-nijmegen.nl,//024 344 2670,https://www.tc-nijmegen.nl,https://www.tc-nijmegen.nl/contact,https://www.tandarts.nl/tandarts-nijmegen/tandheelkundig-centrum-nijmegen,21,3.6,19,9.5,2,tandarts_with_mond,True,"start_tariff,call,appointment,click,blog_service_oost",official_site_and_email_verified,"official_website, public_email, public_phone, adjacent_region, some_reviews, popular_listing, general_practice_fit, appointment_flow_signal, email_matches_practice_domain",info@tc-nijmegen.nl,no
58,A,92,adjacent_south,Utrecht,Sure Dental Utrecht,"Dillenburgstraat 11, Utrecht",info@suredental.nl,0302516343,https://www.suredental.nl/,https://www.suredental.nl/contact,https://www.tandarts.nl/tandarts-utrecht/sure-dental-utrecht-0,20,5.0,13,9.6,7,tandarts_with_mond,True,"start_tariff,youvia_olm,report_monitor,exquise_service,call,appointment_request,appointment,click,blog_service_midden",official_site_and_email_verified,"official_website, public_email, public_phone, adjacent_region, some_reviews, popular_listing, general_practice_fit, appointment_flow_signal, email_matches_practice_domain",info@suredental.nl,no
59,A,90,adjacent_south,Nijmegen,Mondzorgcentrum Takenhofplein,"Takenhofplein 6, Nijmegen",balie@mctp.nl,024 212 212 8,https://www.mondzorgcentrumtakenhofplein.nl,https://www.mondzorgcentrumtakenhofplein.nl/contact,https://www.tandarts.nl/tandarts-nijmegen/mondzorgcentrum-takenhofplein,142,4.2,30,9.6,41,tandarts_with_mond,True,"start_tariff,report_monitor,call,appointment_request,appointment,click,blog_service_oost",official_site_and_email_verified,"official_website, public_email, public_phone, adjacent_region, good_review_volume, popular_listing, general_practice_fit, appointment_flow_signal",balie@mctp.nl,no
60,A,88,adjacent_south,Nijmegen,Mondzorg de Villa,"Graafseweg 232, Nijmegen",info@dental-styling.nl,,https://www.dental-styling.nl,https://www.dental-styling.nl/contact,https://www.tandarts.nl/tandarts-nijmegen/mondzorg-de-villa,644,,0,,0,tandarts_with_mond,True,"start_tariff,report_monitor,call,appointment_request,appointment,click,blog_service_quantity_4,blog_service_oost",official_site_and_email_verified,"official_website, public_email, adjacent_region, high_review_volume, popular_listing, general_practice_fit, appointment_flow_signal, email_matches_practice_domain",info@dental-styling.nl,no
61,A,88,adjacent_south,Arnhem,Radic Tandartspraktijk,"Aalburgstraat 108, Arnhem",info@tandartspraktijkradic.nl,0 1 1 0-4 2 2 0 0 1 0 4,https://www.tandartspraktijkradic.nl,https://www.tandartspraktijkradic.nl/contact,https://www.tandarts.nl/tandarts-arnhem/radic-tandartspraktijk,19,4.5,17,10.0,2,tandarts,True,"start_tariff,call,appointment_request,appointment,click,blog_service_oost",official_site_and_email_verified,"official_website, public_email, public_phone, adjacent_region, popular_listing, general_practice_fit, appointment_flow_signal, email_matches_practice_domain",info@tandartspraktijkradic.nl,no
62,A,88,adjacent_south,Weert,Mondzorg Moesel B.V.,"Christinelaan 12, Weert",info@mondzorgmoesel.nl,0495546882,https://www.mondzorgmoesel.nl,https://www.mondzorgmoesel.nl/contact,https://www.tandarts.nl/tandarts-weert/mondzorg-moesel-bv,17,3.9,14,9.0,1,tandarts_with_mond,True,"start_tariff,report_monitor,call,appointment_request,appointment,click,blog_service_quantity_4,blog_service_zuid",official_site_and_email_verified,"official_website, public_email, public_phone, adjacent_region, popular_listing, general_practice_fit, appointment_flow_signal, email_matches_practice_domain",info@mondzorgmoesel.nl,no
63,A,88,adjacent_south,Arnhem,Tandartsenpraktijk Swaters & Kremer,"Mauvestraat 46, Arnhem",info@swaterskremer.nl,026-4434624,https://www.swaterskremer.nl,https://www.swaterskremer.nl/contact,https://www.tandarts.nl/tandarts-arnhem/tandartsenpraktijk-swaters-kremer,7,4.6,5,9.5,2,tandarts_with_mond,True,"start_tariff,email_service,call,appointment,click,blog_service_oost",official_site_and_email_verified,"official_website, public_email, public_phone, adjacent_region, popular_listing, general_practice_fit, appointment_flow_signal, email_matches_practice_domain",info@swaterskremer.nl,no
64,A,88,adjacent_south,Utrecht,Tandartspraktijk Knol,"Zamenhofdreef 14, Utrecht",balie@tandartspraktijkknol.nl,(030) 2617452 (Bereikbaar vanaf 8:15 uur),https://www.tandartspraktijkknol.nl,https://www.tandartspraktijkknol.nl/contact,https://www.tandarts.nl/tandarts-utrecht/tandartspraktijk-knol,5,,0,10.0,5,tandarts_with_mond,True,"start_tariff,call,appointment_request,click,blog_service_midden",official_site_and_email_verified,"official_website, public_email, public_phone, adjacent_region, popular_listing, general_practice_fit, appointment_flow_signal, email_matches_practice_domain",balie@tandartspraktijkknol.nl,no
65,A,88,adjacent_south,Nijmegen,Tandheelkunde en Implantologie Praktijk St. Jacobslaan,"Sint Jacobslaan 433, Nijmegen",info@tcsw.nl,024 3222319,https://tcsw.nl/,https://tcsw.nl/contact,https://www.tandarts.nl/tandarts-nijmegen/tandheelkunde-en-implantologie-praktijk-st-jacobslaan,4,,0,2.0,2,tandarts,True,"start_tariff,report_monitor,call,appointment_request,appointment,click,blog_service_quantity_4,blog_service_oost",official_site_and_email_verified,"official_website, public_email, public_phone, adjacent_region, popular_listing, general_practice_fit, appointment_flow_signal, email_matches_practice_domain",info@tcsw.nl; info@mondzorgdewaalsprong.nl,no
66,A,88,adjacent_south,Utrecht,Tandgenoten Utrecht Leidsche Rijn,"Vaduzdijk 33, Utrecht",leidscherijn@tandgenoten.nl,030-2006716,https://tandgenoten.nl/leidscherijn/,https://tandgenoten.nl/leidscherijn/contact,https://www.tandarts.nl/tandarts-utrecht/tandgenoten-utrecht-leidsche-rijn,2,5.0,2,,0,tandarts_with_mond,True,"start_tariff,youvia_olm,call,appointment,click,blog_service_midden",official_site_and_email_verified,"official_website, public_email, public_phone, adjacent_region, popular_listing, general_practice_fit, appointment_flow_signal, email_matches_practice_domain",leidscherijn@tandgenoten.nl,no
67,A,87,adjacent_south,Utrecht,Proclin Utrecht,"Livingstonelaan 466, Utrecht",balie@paropraktijk.nl,030 287 05 60,https://www.parodontologie-utrecht.nl/,https://www.parodontologie-utrecht.nl/contact,https://www.tandarts.nl/tandarts-utrecht/proclin-utrecht,67,,0,,0,tandarts,True,"start_tariff,report_monitor,appointment,click",official_site_and_email_verified,"official_website, public_email, public_phone, adjacent_region, some_reviews, popular_listing, general_practice_fit, appointment_flow_signal",balie@paropraktijk.nl,no
68,A,87,adjacent_south,Nijmegen,Tandartsenpraktijk Villa Westhof,"Berg en Dalseweg 172, Nijmegen",info@tandarts-villawesthof.nl,+31 (0)24 323 33 66,https://www.tandartsnijmegenoost.nl,https://www.tandartsnijmegenoost.nl/contact,https://www.tandarts.nl/tandarts-nijmegen/tandartsenpraktijk-villa-westhof,60,4.6,27,9.7,5,tandarts_with_mond,True,"start_tariff,call,appointment_request,appointment,click,blog_service_oost",official_site_and_email_verified,"official_website, public_email, public_phone, adjacent_region, some_reviews, popular_listing, general_practice_fit, appointment_flow_signal",info@tandarts-villawesthof.nl,no
69,A,87,adjacent_south,Nijmegen,Tandartspraktijk de Oversteek,"Wolfskuilseweg 269, Nijmegen",info@tpdo.nl,021-09-03-08-02-14-,https://tandartspraktijkdeoversteek.nl/,https://tandartspraktijkdeoversteek.nl/contact,https://www.tandarts.nl/tandarts-nijmegen/tandartspraktijk-de-oversteek,26,3.9,15,,0,tandarts_with_mond,True,"start_tariff,report_monitor,call,appointment_request,appointment,click,blog_service_oost",official_site_and_email_verified,"official_website, public_email, public_phone, adjacent_region, some_reviews, popular_listing, general_practice_fit, appointment_flow_signal",info@tpdo.nl,no
70,A,87,adjacent_south,Geleen,Vos & Nos Geleen,"Bloemenmarkt 11, Geleen",geleen@vosnos.nl,0850400800,https://vosnos.nl/,https://vosnos.nl/contact,https://www.tandarts.nl/tandarts-geleen/vos-nos-geleen,24,4.8,21,6.7,3,tandtehnicus,True,"call,appointment_request,appointment,click,blog_service_zuid",official_site_and_email_verified,"official_website, public_email, public_phone, adjacent_region, some_reviews, popular_listing, appointment_flow_signal, email_matches_practice_domain",geleen@vosnos.nl; brunssum@vosnos.nl; kerkrade@vosnos.nl; meerssen@vosnos.nl; info@kunstgebit-zorg.nl,no
71,A,83,adjacent_south,Maastricht,Tandartsenpraktijk van Nouhuys,"Hertogsingel 89B, Maastricht",hertogsingeltandartsen@gmail.com,043 - 321 173 6,https://www.de-tandarts.net,https://www.de-tandarts.net/contact,https://www.tandarts.nl/tandarts-maastricht/tandartsenpraktijk-van-nouhuys,3,,0,10.0,3,tandarts,True,"start_tariff,call,appointment_request,appointment,click,blog_service_zuid",official_site_and_email_verified,"official_website, public_email, public_phone, adjacent_region, popular_listing, general_practice_fit, appointment_flow_signal",hertogsingeltandartsen@gmail.com,no
72,A,95,national_backup,Rotterdam,Dental Clinics Rotterdam Zuiderterras,"Zuiderterras 6, Rotterdam",zuiderterras@dentalclinics.nl,+31104101470,https://www.dentalclinics.nl/tandarts/rotterdam-zuiderterras/,https://www.dentalclinics.nl/tandarts/rotterdam-zuiderterras/contact,https://www.tandarts.nl/tandarts-rotterdam/dental-clinics-rotterdam-zuiderterras,1129,4.3,303,9.3,496,tandarts_with_mond,True,"start_tariff,report_monitor,appointment,click,blog_service_quantity_4,blog_service_west",official_site_and_email_verified,"official_website, public_email, public_phone, high_review_volume, popular_listing, general_practice_fit, appointment_flow_signal, email_matches_practice_domain",zuiderterras@dentalclinics.nl,no
73,A,95,national_backup,Gouda,Dental Clinics Gouda Büchnerweg,"Buchnerweg 7, Gouda",buchnerweg@dentalclinics.nl,+31182510527,https://www.dentalclinics.nl/tandarts/gouda-buchnerweg/,https://www.dentalclinics.nl/tandarts/gouda-buchnerweg/contact,https://www.tandarts.nl/tandarts-gouda/dental-clinics-gouda-buchnerweg,1077,3.2,15,8.4,3,tandarts_with_mond,True,"start_tariff,report_monitor,appointment_request,appointment,click",official_site_and_email_verified,"official_website, public_email, public_phone, high_review_volume, popular_listing, general_practice_fit, appointment_flow_signal, email_matches_practice_domain",buchnerweg@dentalclinics.nl,no
74,A,95,national_backup,Delft,Dental Clinics Delft,"Bagijnhof 80 , Delft",delft@dentalclinics.nl,+31152143352,https://www.dentalclinics.nl/tandarts/delft/,https://www.dentalclinics.nl/tandarts/delft/contact,https://www.tandarts.nl/tandarts-delft/dental-clinics-delft,1021,4.7,319,9.2,481,tandarts_with_mond,True,"start_tariff,report_monitor,appointment,click",official_site_and_email_verified,"official_website, public_email, public_phone, high_review_volume, popular_listing, general_practice_fit, appointment_flow_signal, email_matches_practice_domain",delft@dentalclinics.nl,no
75,A,95,national_backup,Leiden,Van Leeuwen Tandartsen - centrum voor mondzorg en implantologie Leiden,"Lammermarkt 218, Leiden",info@vanleeuwen-tandartsen.nl,+31715898372,https://vanleeuwen-tandartsen.nl/behandelingen/implantaten/,https://vanleeuwen-tandartsen.nl/behandelingen/implantaten/contact,https://www.tandarts.nl/tandarts-leiden/van-leeuwen-tandartsen-centrum-voor-mondzorg-en-implantologie-leiden,962,4.3,249,9.0,483,tandarts_with_mond,True,"start_tariff,report_monitor,review_widget,call,appointment,click,blog_service,blog_service_quantity_4,blog_service_west",official_site_and_email_verified,"official_website, public_email, public_phone, high_review_volume, popular_listing, general_practice_fit, appointment_flow_signal, email_matches_practice_domain",info@vanleeuwen-tandartsen.nl,no
76,A,95,national_backup,Dordrecht,Dental Clinics Dordrecht Kuipershaven,"Schrijversstraat 2A, Dordrecht",kuipershaven@dentalclinics.nl,+31786135133,https://www.dentalclinics.nl/tandarts/dordrecht-kuipershaven/,https://www.dentalclinics.nl/tandarts/dordrecht-kuipershaven/contact,https://www.tandarts.nl/tandarts-dordrecht/dental-clinics-dordrecht-kuipershaven,921,4.7,243,9.4,439,tandarts_with_mond,True,"start_tariff,report_monitor,appointment,click",official_site_and_email_verified,"official_website, public_email, public_phone, high_review_volume, popular_listing, general_practice_fit, appointment_flow_signal, email_matches_practice_domain",kuipershaven@dentalclinics.nl,no
77,A,95,national_backup,Haarlem,Dental Clinics Haarlem Zijlweg,"Zijlweg 148 A1, Haarlem",haarlem@dentalclinics.nl,+31235531010,https://www.dentalclinics.nl/tandarts/haarlem-zijlweg/,https://www.dentalclinics.nl/tandarts/haarlem-zijlweg/contact,https://www.tandarts.nl/tandarts-haarlem/dental-clinics-haarlem-zijlweg,863,4.5,323,9.4,350,tandarts_with_mond,True,"start_tariff,report_monitor,appointment,click,blog_service_west",official_site_and_email_verified,"official_website, public_email, public_phone, high_review_volume, popular_listing, general_practice_fit, appointment_flow_signal, email_matches_practice_domain",haarlem@dentalclinics.nl,no
78,A,95,national_backup,Gouda,Dental Clinics Gouda Burghvliet,"Noothoven van Goorstraat 60, Gouda",gouda@dentalclinics.nl,+31182550366,https://www.dentalclinics.nl/tandarts/gouda-burghvliet/,https://www.dentalclinics.nl/tandarts/gouda-burghvliet/contact,https://www.tandarts.nl/tandarts-gouda/dental-clinics-gouda-burghvliet,751,4.6,209,9.1,366,tandarts_with_mond,True,"start_tariff,report_monitor,appointment,click",official_site_and_email_verified,"official_website, public_email, public_phone, high_review_volume, popular_listing, general_practice_fit, appointment_flow_signal, email_matches_practice_domain",gouda@dentalclinics.nl,no
79,A,95,national_backup,Amersfoort,Kliniek voor tandheelkunde Dorrestein B.V.,"Dorresteinseweg 16-A, Amersfoort",info@tandartsdorrestein.nl,+310334612200,http://www.tandartsdorrestein.nl/,http://www.tandartsdorrestein.nl/contact,https://www.tandarts.nl/tandarts-amersfoort/kliniek-voor-tandheelkunde-dorrestein-bv,660,3.6,28,10.0,1,tandarts_with_mond,True,"start_tariff,report_monitor,call,appointment_request,appointment,click,blog_service_quantity_4,blog_service_midden",official_site_and_email_verified,"official_website, public_email, public_phone, high_review_volume, popular_listing, general_practice_fit, appointment_flow_signal, email_matches_practice_domain",info@tandartsdorrestein.nl,no
80,A,95,national_backup,Amersfoort,Dental Clinics Amersfoort Hogekwartier,"De Velduil 3A, Amersfoort",hogekwartier@dentalclinics.nl,+31334722990,https://www.dentalclinics.nl/tandarts/amersfoort-hogekwartier/,https://www.dentalclinics.nl/tandarts/amersfoort-hogekwartier/contact,https://www.tandarts.nl/tandarts-amersfoort/dental-clinics-amersfoort-hogekwartier,609,4.1,210,9.2,278,tandarts_with_mond,True,"start_tariff,report_monitor,appointment,click",official_site_and_email_verified,"official_website, public_email, public_phone, high_review_volume, popular_listing, general_practice_fit, appointment_flow_signal, email_matches_practice_domain",hogekwartier@dentalclinics.nl,no
81,A,95,national_backup,Rotterdam,Mondzorg Centrum Rotterdam,"Heer Bokelweg 216, Rotterdam",info@mondzorgcentrum-rotterdam.nl,//010-2827206,https://www.mondzorgcentrum-rotterdam.nl/de-praktijk/het-team/,https://www.mondzorgcentrum-rotterdam.nl/de-praktijk/het-team/contact,https://www.tandarts.nl/tandarts-rotterdam/mondzorg-centrum-rotterdam,605,3.2,76,8.6,12,tandarts_with_mond,True,"start_tariff,report_monitor,review_widget,call,appointment_request,appointment,click,blog_service_west",official_site_and_email_verified,"official_website, public_email, public_phone, high_review_volume, popular_listing, general_practice_fit, appointment_flow_signal, email_matches_practice_domain",info@mondzorgcentrum-rotterdam.nl,no
82,A,95,national_backup,Amersfoort,Kliniek Implantologie Amersfoort,"Dorresteinseweg 16B, Amersfoort",info@implantologie-amersfoort.nl,033 - 421 78 50,https://www.implantologie-amersfoort.nl/,https://www.implantologie-amersfoort.nl/contact,https://www.tandarts.nl/tandarts-amersfoort/kliniek-implantologie-amersfoort,564,4.0,8,10.0,2,tandarts,True,"start_tariff,report_monitor,call,appointment_request,appointment,click,blog_service_quantity_4,blog_service_midden",official_site_and_email_verified,"official_website, public_email, public_phone, high_review_volume, popular_listing, general_practice_fit, appointment_flow_signal, email_matches_practice_domain",info@implantologie-amersfoort.nl,no
83,A,95,national_backup,Rotterdam,Dental Clinics Rotterdam Pleinweg,"Goereesestraat 2, Rotterdam",pleinweg@dentalclinics.nl,+31104100100,https://www.dentalclinics.nl/tandarts/rotterdam-pleinweg/,https://www.dentalclinics.nl/tandarts/rotterdam-pleinweg/contact,https://www.tandarts.nl/tandarts-rotterdam/dental-clinics-rotterdam-pleinweg,564,4.4,203,9.2,257,tandarts_with_mond,True,"start_tariff,report_monitor,appointment,click,blog_service_quantity_4,blog_service_west",official_site_and_email_verified,"official_website, public_email, public_phone, high_review_volume, popular_listing, general_practice_fit, appointment_flow_signal, email_matches_practice_domain",pleinweg@dentalclinics.nl,no
84,A,95,national_backup,Delft,De Tandartsengroep Delft,"Adriaan Pauwstraat 86, Delft",receptie@detandartsengroepdelft.nl,0031152122268,https://www.detandartsengroepdelft.nl,https://www.detandartsengroepdelft.nl/contact,https://www.tandarts.nl/tandarts-delft/de-tandartsengroep-delft,509,,0,9.8,3,tandarts_with_mond,True,"start_tariff,report_monitor,call,appointment_request,appointment,click,blog_service_west",official_site_and_email_verified,"official_website, public_email, public_phone, high_review_volume, popular_listing, general_practice_fit, appointment_flow_signal, email_matches_practice_domain",receptie@detandartsengroepdelft.nl,no
85,A,95,national_backup,Rotterdam,Loef Mondzorg,"Weena 91, Rotterdam",info@loef.nl,0102004815,https://loef.nl,https://loef.nl/contact,https://www.tandarts.nl/tandarts-rotterdam/loef-mondzorg,398,4.9,226,9.6,167,tandarts_with_mond,True,"start_tariff,youvia_olm,report_monitor,exquise_service,review_widget,call,appointment_request,appointment,click,blog_service_west",official_site_and_email_verified,"official_website, public_email, public_phone, high_review_volume, popular_listing, general_practice_fit, appointment_flow_signal, email_matches_practice_domain",info@loef.nl,no
86,A,95,national_backup,Leiden,Tandartsenpraktijk Unident,"Breestraat 61, Leiden",info@unident.nl,+31 (0)71-5146004,https://www.unident.nl/behandeling/tandartscontrole/,https://www.unident.nl/behandeling/tandartscontrole/contact,https://www.tandarts.nl/tandarts-leiden/tandartsenpraktijk-unident,383,4.5,205,,0,tandarts_with_mond,True,"start_tariff,report_monitor,call,appointment_request,appointment,click,blog_service_quantity_4,blog_service_west",official_site_and_email_verified,"official_website, public_email, public_phone, high_review_volume, popular_listing, general_practice_fit, appointment_flow_signal, email_matches_practice_domain",info@unident.nl,no
87,A,95,national_backup,Rotterdam,"Ordentall, kliniek voor parodontologie en implantologie","Westblaak 113, Rotterdam",administratie@ordentall.nl,+31104121500,https://www.ordentall.nl,https://www.ordentall.nl/contact,https://www.tandarts.nl/tandarts-rotterdam/ordentall-kliniek-voor-parodontologie-en-implantologie,285,3.8,87,10.0,1,tandarts_with_mond,True,"none,start_tariff,youvia_plus,report_monitor,call,appointment_request,appointment,click,blog_service,blog_service_west",official_site_and_email_verified,"official_website, public_email, public_phone, high_review_volume, popular_listing, general_practice_fit, appointment_flow_signal, email_matches_practice_domain",administratie@ordentall.nl; info@ordentall.nl; verwijzers@ordentall.nl,no
88,A,95,national_backup,Amstelveen,Tandartsenpraktijk Arnout & Hobbelink,"Texelstraat 78, Amstelveen",info@ahtandartsen.nl,+3120-6420707,https://www.ahtandartsen.nl,https://www.ahtandartsen.nl/contact,https://www.tandarts.nl/tandarts-amstelveen/tandartsenpraktijk-arnout-hobbelink,261,4.8,147,10.0,1,tandarts_with_mond,True,"start_tariff,youvia_olm,report_monitor,call,appointment_request,appointment,click,blog_service_quantity_4,blog_service_west",official_site_and_email_verified,"official_website, public_email, public_phone, high_review_volume, popular_listing, general_practice_fit, appointment_flow_signal, email_matches_practice_domain",info@ahtandartsen.nl,no
89,A,95,national_backup,Haarlem,Tandartspraktijk Kirsten Knetsch,"Wilhelminastraat 17, Haarlem",info@tpkk.nl,0235315157,https://www.tpkk.nl,https://www.tpkk.nl/contact,https://www.tandarts.nl/tandarts-haarlem/tandartspraktijk-kirsten-knetsch,259,3.8,21,9.5,2,tandarts_with_mond,True,"start_tariff,call,appointment_request,appointment,click,blog_service_west",official_site_and_email_verified,"official_website, public_email, public_phone, high_review_volume, popular_listing, general_practice_fit, appointment_flow_signal, email_matches_practice_domain",info@tpkk.nl; bas@dasvanbas.nl,no
90,A,95,national_backup,Rotterdam,Dental Clinics Rotterdam Eudokiaplein,"Eudokiaplein 35C, Rotterdam",eudokiaplein@dentalclinics.nl,+31107900694,https://www.dentalclinics.nl/tandarts/rotterdam-eudokiaplein/,https://www.dentalclinics.nl/tandarts/rotterdam-eudokiaplein/contact,https://www.tandarts.nl/tandarts-rotterdam/dental-clinics-rotterdam-eudokiaplein,257,4.4,134,9.2,79,tandarts_with_mond,True,"start_tariff,report_monitor,appointment,click,blog_service_quantity_4,blog_service_west",official_site_and_email_verified,"official_website, public_email, public_phone, high_review_volume, popular_listing, general_practice_fit, appointment_flow_signal, email_matches_practice_domain",eudokiaplein@dentalclinics.nl,no
91,A,95,national_backup,Amersfoort,LICHT Dentist,"Vondellaan 10, Amersfoort",info@lichtdentist.nl,033 - 465 0712,https://lichtdentist.nl/,https://lichtdentist.nl/contact,https://www.tandarts.nl/tandarts-amersfoort/licht-dentist,201,4.0,68,8.4,130,tandarts_with_mond,True,"start_tariff,youvia_olm,report_monitor,exquise_service,review_widget,call,appointment_request,appointment,click,blog_service_midden",official_site_and_email_verified,"official_website, public_email, public_phone, high_review_volume, popular_listing, general_practice_fit, appointment_flow_signal, email_matches_practice_domain",info@lichtdentist.nl; receptie@lichtdentist.nl,no
92,A,92,national_backup,Rotterdam,Tandartsenpraktijk Willemsplein,"Willemsplein 497A, Rotterdam",info@tandartswillemsplein.nl,0031104137911,https://www.tandartswillemsplein.nl,https://www.tandartswillemsplein.nl/contact,https://www.tandarts.nl/tandarts-rotterdam/tandartsenpraktijk-willemsplein,182,4.5,30,9.3,152,tandarts_with_mond,True,"start_tariff,youvia_olm,report_monitor,exquise_service,call,appointment_request,appointment,click,blog_service_west",official_site_and_email_verified,"official_website, public_email, public_phone, good_review_volume, popular_listing, general_practice_fit, appointment_flow_signal, email_matches_practice_domain",info@tandartswillemsplein.nl,no
93,A,92,national_backup,Rotterdam,Tandartsenpraktijk Zalmhaven,"Westerstraat 31, Rotterdam",info@tandartszalmhaven.nl,0031850299175,https://tandartszalmhaven.nl/,https://tandartszalmhaven.nl/contact,https://www.tandarts.nl/tandarts-rotterdam/tandartsenpraktijk-zalmhaven,147,4.3,57,7.4,2,tandarts,True,"start_tariff,report_monitor,call,appointment_request,appointment,click,blog_service_quantity_4,blog_service_west",official_site_and_email_verified,"official_website, public_email, public_phone, good_review_volume, popular_listing, general_practice_fit, appointment_flow_signal, email_matches_practice_domain",info@tandartszalmhaven.nl,no
94,A,92,national_backup,Leiden,De Mond van Leiden,"Mangoweg 171, Leiden",info@demondvanleiden.nl,06 23 81 02 67,https://demondvanleiden.nl/afspraak-maken/,https://demondvanleiden.nl/afspraak-maken/contact,https://www.tandarts.nl/tandarts-leiden/de-mond-van-leiden,142,4.9,105,9.7,37,tandarts_with_mond,True,"start_tariff,youvia_olm,report_monitor,exquise_service,review_widget,call,appointment_request,appointment,click,blog_service_west",official_site_and_email_verified,"official_website, public_email, public_phone, good_review_volume, popular_listing, general_practice_fit, appointment_flow_signal, email_matches_practice_domain",info@demondvanleiden.nl,no
95,A,92,national_backup,Haarlem,Dental Clinics Haarlem Rijksstraatweg,"Rijksstraatweg 126, Haarlem",rijksstraatweg@dentalclinics.nl,+31235252416,https://www.dentalclinics.nl/tandarts/haarlem-rijksstraatweg/,https://www.dentalclinics.nl/tandarts/haarlem-rijksstraatweg/contact,https://www.tandarts.nl/tandarts-haarlem/dental-clinics-haarlem-rijksstraatweg,131,4.5,24,9.4,75,tandarts_with_mond,True,"start_tariff,report_monitor,appointment,click,blog_service_west",official_site_and_email_verified,"official_website, public_email, public_phone, good_review_volume, popular_listing, general_practice_fit, appointment_flow_signal, email_matches_practice_domain",rijksstraatweg@dentalclinics.nl,no
96,A,92,national_backup,Amstelveen,MID Tandartsen,"Belcampoplantsoen 1, Amstelveen",amstelveen@midtandartsen.nl,020-4263888,https://midtandartsen.nl/,https://midtandartsen.nl/contact,https://www.tandarts.nl/tandarts-amstelveen/mid-tandartsen,127,4.0,39,9.5,82,tandarts_with_mond,True,"start_tariff,youvia_olm,report_monitor,exquise_service,review_widget,call,appointment,click,blog_service_quantity_4,blog_service_west,seo_metadata",official_site_and_email_verified,"official_website, public_email, public_phone, good_review_volume, popular_listing, general_practice_fit, appointment_flow_signal, email_matches_practice_domain",amstelveen@midtandartsen.nl,no
97,A,92,national_backup,Amersfoort,Eemvallei Tandartsen,"Aalscholverpad 2, Amersfoort",info@eemvalleitandartsen.nl,123-456-7890,https://eemvalleitandartsen.nl,https://eemvalleitandartsen.nl/contact,https://www.tandarts.nl/tandarts-amersfoort/eemvallei-tandartsen,124,4.9,104,,0,tandarts_with_mond,True,"start_tariff,youvia_olm,report_monitor,call,appointment,click,blog_service_quantity_4,blog_service_midden",official_site_and_email_verified,"official_website, public_email, public_phone, good_review_volume, popular_listing, general_practice_fit, appointment_flow_signal, email_matches_practice_domain",info@eemvalleitandartsen.nl; michaelgeurtsen@protonmail.com,no
98,A,92,national_backup,Rotterdam,Rodin Dental Clinic,"P.C. Hooftplein 8, Rotterdam",info@rodindentalclinic.nl,//010 - 415 2745,https://www.rodindentalclinic.nl,https://www.rodindentalclinic.nl/contact,https://www.tandarts.nl/tandarts-rotterdam/rodin-dental-clinic,122,4.3,113,9.3,7,tandarts_with_mond,True,"start_tariff,call,appointment_request,appointment,click",official_site_and_email_verified,"official_website, public_email, public_phone, good_review_volume, popular_listing, general_practice_fit, appointment_flow_signal, email_matches_practice_domain",info@rodindentalclinic.nl,no
99,A,92,national_backup,Amstelveen,Tandartspraktijk Rembrandt,"Meester G. Groen van Prinstererlaan 92, Amstelveen",info@tandartspraktijkrembrandt.nl,+31 (0) 20 2260032,https://www.tandartspraktijkrembrandt.nl,https://www.tandartspraktijkrembrandt.nl/contact,https://www.tandarts.nl/tandarts-amstelveen/tandartspraktijk-rembrandt,105,4.6,80,9.0,1,tandarts,True,"start_tariff,youvia_olm,report_monitor,exquise_service,call,appointment_request,appointment,click,blog_service,blog_service_quantity_4,blog_service_west,seo_metadata",official_site_and_email_verified,"official_website, public_email, public_phone, good_review_volume, popular_listing, general_practice_fit, appointment_flow_signal, email_matches_practice_domain",info@tandartspraktijkrembrandt.nl,no
100,A,92,national_backup,Rotterdam,Mondzorg Erasmus,"Prins Hendrikkade 45, Rotterdam",info@mondzorgerasmus.nl,+31103105636,https://mondzorgerasmus.nl/,https://mondzorgerasmus.nl/contact,https://www.tandarts.nl/tandarts-rotterdam/mondzorg-erasmus,96,4.6,50,8.9,13,tandarts_with_mond,True,"start_tariff,report_monitor,call,appointment_request,appointment,click,blog_service_west",official_site_and_email_verified,"official_website, public_email, public_phone, good_review_volume, popular_listing, general_practice_fit, appointment_flow_signal, email_matches_practice_domain",info@mondzorgerasmus.nl; uw@adres.nl,no
