date,new_first_touches_target,new_first_touches_sent,linkedin_actions_target,linkedin_actions_done,follow_ups_target,follow_ups_sent,intro_requests_target,intro_requests_sent,positive_replies,referrals,meetings_requested,meetings_booked,one_pagers_sent,hard_nos,parked_leads,next_day_ready_queue,notes
2026-04-18,6,23,4,0,4,0,2,0,0,0,23,0,0,0,0,23,Sent 23 queued A2 clinic first touches in English. Active clinic email threads now total 71.
2026-04-19,6,0,4,0,4,0,2,0,0,0,0,0,0,0,0,0,
2026-04-20,6,0,4,0,4,0,2,0,0,0,0,0,0,0,0,0,
2026-04-21,6,0,4,0,4,0,2,0,0,0,0,0,0,0,0,0,
2026-04-22,6,0,4,0,4,0,2,0,0,0,0,0,0,0,0,0,
2026-04-23,6,0,4,0,4,0,2,0,0,0,0,0,0,0,0,0,
2026-04-24,6,0,4,0,4,0,2,0,0,0,0,0,0,0,0,0,
2026-04-25,6,0,4,0,4,0,2,0,0,0,0,0,0,0,0,0,
2026-04-26,6,0,4,0,4,0,2,0,0,0,0,0,0,0,0,0,
2026-04-27,6,0,4,0,4,0,2,0,0,0,0,0,0,0,0,0,
