lead_rank,region_bucket,city,clinic_name,contact_email,contact_phone,official_website,source_file,status,owner,lead_score,lead_tier,buyer_role,named_contact,linkedin_url,pain_hypothesis,intro_source,subject,sequence_stage,last_touch_date,last_touch_channel,follow_up_date,response_class,meeting_status,meeting_target_date,one_pager_sent,next_action_date,notes
1,core_brainport,Eindhoven,Dental Clinics Eindhoven,eindhoven@dentalclinics.nl,+31402118136,https://www.dentalclinics.nl/tandarts/eindhoven/,brabant-dental-top-100.csv,sent,Mohamed,7,A2,owner_or_practice_manager,,,Likely loses site-level chair time to no-shows and late cancellations and still relies on front-desk recovery workflows.,KNMT_or_NVM,Korte vraag over no-shows bij Dental Clinics Eindhoven,first_email_sent,2026-04-17,email,2026-04-20,no_response,not_booked,,no,2026-04-20,Founder-intro email sent on 2026-04-17 in Dutch
2,core_brainport,Eindhoven,pc2-tandartsen,receptie@pc2-tandartsen.nl,//040-2930399,https://www.pc2-tandartsen.nl,brabant-dental-top-100.csv,sent,Mohamed,7,A2,owner_or_practice_manager,,,Likely loses chair time to no-shows and late cancellations and absorbs the recovery work through reminders and rescheduling.,KNMT_or_NVM,Korte vraag over no-shows bij pc2-tandartsen,first_email_sent,2026-04-17,email,2026-04-20,no_response,not_booked,,no,2026-04-20,Founder-intro email sent on 2026-04-17 in Dutch
3,core_brainport,Helmond,Tandartsenpraktijk Brouwhuis,info@tandartsenpraktijkbrouwhuis.nl,0492 511811,http://www.tandartsenpraktijkbrouwhuis.nl/,brabant-dental-top-100.csv,sent,Mohamed,7,A2,owner_or_practice_manager,,,Likely loses chair time to no-shows and late cancellations and absorbs the recovery work through reminders and rescheduling.,KNMT_or_NVM,Korte vraag over no-shows bij Tandartsenpraktijk Brouwhuis,first_email_sent,2026-04-17,email,2026-04-20,no_response,not_booked,,no,2026-04-20,Founder-intro email sent on 2026-04-17 in Dutch
4,core_brainport,Veldhoven,City Mondzorg - Veldhoven,info@citymondzorg.nl,+31 040 251 45 27,https://www.citymondzorg.nl,brabant-dental-top-100.csv,sent,Mohamed,7,A2,owner_or_practice_manager,,,"Likely feels reminder, confirmation, and rescheduling workload across an appointment-heavy oral-care schedule.",KNMT_or_NVM,Korte vraag over no-shows bij City Mondzorg - Veldhoven,first_email_sent,2026-04-17,email,2026-04-20,no_response,not_booked,,no,2026-04-20,Founder-intro email sent on 2026-04-17 in Dutch
5,core_brainport,Eindhoven,Oud Stratum Tandartsen,info@oudstratumtandartsen.nl,040 2111458,https://www.oudstratumtandartsen.nl,brabant-dental-top-100.csv,sent,Mohamed,7,A2,owner_or_practice_manager,,,Likely loses chair time to no-shows and late cancellations and absorbs the recovery work through reminders and rescheduling.,KNMT_or_NVM,Korte vraag over no-shows bij Oud Stratum Tandartsen,first_email_sent,2026-04-17,email,2026-04-20,no_response,not_booked,,no,2026-04-20,Founder-intro email sent on 2026-04-17 in Dutch
6,core_brainport,Eindhoven,Tandartspraktijk De Oude Toren B.V.,info@tandartspraktijkdeoudetoren.nl,040 291 2682,https://www.tandartspraktijkdeoudetoren.nl,brabant-dental-top-100.csv,sent,Mohamed,7,A2,owner_or_practice_manager,,,Likely loses chair time to no-shows and late cancellations and absorbs the recovery work through reminders and rescheduling.,KNMT_or_NVM,Korte vraag over no-shows bij Tandartspraktijk De Oude Toren B.V.,first_email_sent,2026-04-17,email,2026-04-20,no_response,not_booked,,no,2026-04-20,Founder-intro email sent on 2026-04-17 in Dutch
7,core_brainport,Best,Dental Clinics Best,best@dentalclinics.nl,+31499392920,https://www.dentalclinics.nl/tandarts/best/,brabant-dental-top-100.csv,sent,Mohamed,7,A2,owner_or_practice_manager,,,Likely loses site-level chair time to no-shows and late cancellations and still relies on front-desk recovery workflows.,KNMT_or_NVM,Korte vraag over no-shows bij Dental Clinics Best,first_email_sent,2026-04-17,email,2026-04-20,no_response,not_booked,,no,2026-04-20,Founder-intro email sent on 2026-04-17 in Dutch
8,core_brainport,Eindhoven,Atlas Dental Care Eindhoven,info@atlaseindhoven.nl,0402364711,https://atlaseindhoven.nl/contact/,brabant-dental-top-100.csv,sent,Mohamed,6,A2,owner_or_practice_manager,,,Likely loses chair time to no-shows and late cancellations and absorbs the recovery work through reminders and rescheduling.,KNMT_or_NVM,Korte vraag over no-shows bij Atlas Dental Care Eindhoven,first_email_sent,2026-04-17,email,2026-04-20,no_response,not_booked,,no,2026-04-20,Founder-intro email sent on 2026-04-17 in Dutch
9,core_brainport,Eindhoven,Tandartspraktijk Sibeliuslaan,info@tandartssibeliuslaan.nl,0403030967,https://www.tandartssibeliuslaan.nl/,brabant-dental-top-100.csv,sent,Mohamed,7,A2,owner_or_practice_manager,,,Likely loses chair time to no-shows and late cancellations and absorbs the recovery work through reminders and rescheduling.,KNMT_or_NVM,Korte vraag over no-shows bij Tandartspraktijk Sibeliuslaan,first_email_sent,2026-04-17,email,2026-04-20,no_response,not_booked,,no,2026-04-20,Founder-intro email sent on 2026-04-17 in Dutch
10,core_brainport,Helmond,Tandartsen Helmond,info@tandartsenhelmond.nl,0492525288,https://www.tandartsenhelmond.nl,brabant-dental-top-100.csv,sent,Mohamed,7,A2,owner_or_practice_manager,,,Likely loses chair time to no-shows and late cancellations and absorbs the recovery work through reminders and rescheduling.,KNMT_or_NVM,Korte vraag over no-shows bij Tandartsen Helmond,first_email_sent,2026-04-17,email,2026-04-20,no_response,not_booked,,no,2026-04-20,Founder-intro email sent on 2026-04-17 in Dutch
11,core_brainport,Eindhoven,Tandartsen Gestel,info@tandartsengestel.nl,+310403030020,http://www.tandartsengestel.nl/,brabant-dental-top-100.csv,sent,Mohamed,7,A2,owner_or_practice_manager,,,Likely loses chair time to no-shows and late cancellations and absorbs the recovery work through reminders and rescheduling.,KNMT_or_NVM,Korte vraag over no-shows bij Tandartsen Gestel,first_email_sent,2026-04-17,email,2026-04-20,no_response,not_booked,,no,2026-04-20,Founder-intro email sent on 2026-04-17 in Dutch
12,core_brainport,Eindhoven,Praktijk voor parodontologie en implantologie Eindhoven,info@paro-eindhoven.nl,0402230444,https://www.paro-eindhoven.nl,brabant-dental-top-100.csv,sent,Mohamed,6,A2,owner_or_practice_manager,,,Likely loses chair time to no-shows and late cancellations and absorbs the recovery work through reminders and rescheduling.,KNMT_or_NVM,Korte vraag over no-shows bij Praktijk voor parodontologie en implantologie Eindhoven,first_email_sent,2026-04-17,email,2026-04-20,no_response,not_booked,,no,2026-04-20,Founder-intro email sent on 2026-04-17 in Dutch
13,core_brainport,Eindhoven,Tandprothetische praktijk de Polders Eindhoven,info@depolders.nl,000402541639,https://depolders.nl/tandprothese/,brabant-dental-top-100.csv,sent,Mohamed,6,A2,owner_or_practice_manager,,,Likely loses chair time to no-shows and late cancellations and absorbs the recovery work through reminders and rescheduling.,KNMT_or_NVM,Korte vraag over no-shows bij Tandprothetische praktijk de Polders Eindhoven,first_email_sent,2026-04-17,email,2026-04-20,no_response,not_booked,,no,2026-04-20,Founder-intro email sent on 2026-04-17 in Dutch
14,core_brainport,Eindhoven,MKA Kliniek Eindhoven,info@mkakliniekeindhoven.nl,0859022999,https://www.mkakliniekeindhoven.nl,brabant-dental-top-100.csv,sent,Mohamed,6,A2,owner_or_practice_manager,,,Likely loses chair time to no-shows and late cancellations and absorbs the recovery work through reminders and rescheduling.,KNMT_or_NVM,Korte vraag over no-shows bij MKA Kliniek Eindhoven,first_email_sent,2026-04-17,email,2026-04-20,no_response,not_booked,,no,2026-04-20,Founder-intro email sent on 2026-04-17 in Dutch
15,brabant_extended,Tilburg,Smile Mondzorg Tilburg,info@smilemondzorg.nl,013 455 1674,http://www.smilemondzorg.nl/,brabant-dental-top-100.csv,sent,Mohamed,7,A2,owner_or_practice_manager,,,"Likely feels reminder, confirmation, and rescheduling workload across an appointment-heavy oral-care schedule.",KNMT_or_NVM,Korte vraag over no-shows bij Smile Mondzorg Tilburg,first_email_sent,2026-04-17,email,2026-04-20,no_response,not_booked,,no,2026-04-20,Founder-intro email sent on 2026-04-17 in Dutch
16,brabant_extended,Tilburg,Tandartsenpraktijk Steenbergen Tilburg B.V.,tilburg@tandarts-steenbergen.nl,+31135352535,https://www.tandarts-steenbergen.nl,brabant-dental-top-100.csv,sent,Mohamed,7,A2,owner_or_practice_manager,,,Likely loses chair time to no-shows and late cancellations and absorbs the recovery work through reminders and rescheduling.,KNMT_or_NVM,Korte vraag over no-shows bij Tandartsenpraktijk Steenbergen Tilburg B.V.,first_email_sent,2026-04-17,email,2026-04-20,no_response,not_booked,,no,2026-04-20,Founder-intro email sent on 2026-04-17 in Dutch
17,brabant_extended,Breda,Dental Clinics Breda Princenhage,breda@dentalclinics.nl,+31765214214,https://www.dentalclinics.nl/tandarts/breda-princenhage/,brabant-dental-top-100.csv,sent,Mohamed,7,A2,owner_or_practice_manager,,,Likely loses site-level chair time to no-shows and late cancellations and still relies on front-desk recovery workflows.,KNMT_or_NVM,Korte vraag over no-shows bij Dental Clinics Breda Princenhage,first_email_sent,2026-04-17,email,2026-04-20,no_response,not_booked,,no,2026-04-20,Founder-intro email sent on 2026-04-17 in Dutch
18,brabant_extended,Oss,Dental Clinics Oss,oss@dentalclinics.nl,+31412646746,https://www.dentalclinics.nl/tandarts/oss/,brabant-dental-top-100.csv,sent,Mohamed,7,A2,owner_or_practice_manager,,,Likely loses site-level chair time to no-shows and late cancellations and still relies on front-desk recovery workflows.,KNMT_or_NVM,Korte vraag over no-shows bij Dental Clinics Oss,first_email_sent,2026-04-17,email,2026-04-20,no_response,not_booked,,no,2026-04-20,Founder-intro email sent on 2026-04-17 in Dutch
19,brabant_extended,Tilburg,Mondzorg Tilburg West,contact@mondzorgtilburgwest.nl,//013-5426219,https://mondzorgtilburgwest.nl,brabant-dental-top-100.csv,sent,Mohamed,7,A2,owner_or_practice_manager,,,"Likely feels reminder, confirmation, and rescheduling workload across an appointment-heavy oral-care schedule.",KNMT_or_NVM,Korte vraag over no-shows bij Mondzorg Tilburg West,first_email_sent,2026-04-17,email,2026-04-20,no_response,not_booked,,no,2026-04-20,Founder-intro email sent on 2026-04-17 in Dutch
20,brabant_extended,Tilburg,Tandartspraktijk Laugeman,info@laugemantandartspraktijk.nl,0134676803,https://www.laugemantandartspraktijk.nl/,brabant-dental-top-100.csv,sent,Mohamed,7,A2,owner_or_practice_manager,,,Likely loses chair time to no-shows and late cancellations and absorbs the recovery work through reminders and rescheduling.,KNMT_or_NVM,Korte vraag over no-shows bij Tandartspraktijk Laugeman,first_email_sent,2026-04-17,email,2026-04-20,no_response,not_booked,,no,2026-04-20,Founder-intro email sent on 2026-04-17 in Dutch
21,brabant_extended,Tilburg,Dental Clinics Tilburg Reeshof,reeshof@dentalclinics.nl,+31135710606,https://www.dentalclinics.nl/tandarts/tilburg-reeshof/,brabant-dental-top-100.csv,sent,Mohamed,7,A2,owner_or_practice_manager,,,Likely loses site-level chair time to no-shows and late cancellations and still relies on front-desk recovery workflows.,KNMT_or_NVM,Korte vraag over no-shows bij Dental Clinics Tilburg Reeshof,first_email_sent,2026-04-17,email,2026-04-20,no_response,not_booked,,no,2026-04-20,Founder-intro email sent on 2026-04-17 in Dutch
22,brabant_extended,Uden,Tandartspraktijk Uden-Zuid B.V.,info@tandartsudenzuid.nl,+31413258280,https://www.tandartsudenzuid.nl/wie-zijn-wij,brabant-dental-top-100.csv,sent,Mohamed,7,A2,owner_or_practice_manager,,,Likely loses chair time to no-shows and late cancellations and absorbs the recovery work through reminders and rescheduling.,KNMT_or_NVM,Korte vraag over no-shows bij Tandartspraktijk Uden-Zuid B.V.,first_email_sent,2026-04-17,email,2026-04-20,no_response,not_booked,,no,2026-04-20,Founder-intro email sent on 2026-04-17 in Dutch
23,brabant_extended,Den Bosch,Centrumtandzorg,administratie@centrumtandzorg.nl,013 234 0880 --,https://centrumtandzorg.nl,brabant-dental-top-100.csv,sent,Mohamed,6,A2,owner_or_practice_manager,,,Likely loses chair time to no-shows and late cancellations and absorbs the recovery work through reminders and rescheduling.,KNMT_or_NVM,Korte vraag over no-shows bij Centrumtandzorg,first_email_sent,2026-04-17,email,2026-04-20,no_response,not_booked,,no,2026-04-20,Founder-intro email sent on 2026-04-17 in Dutch
24,brabant_extended,Breda,Tandartspraktijk MC Dent,info@mcdent.nl,076 82 00 211,https://www.mcdent.nl/behandelingen/,brabant-dental-top-100.csv,sent,Mohamed,7,A2,owner_or_practice_manager,,,Likely loses chair time to no-shows and late cancellations and absorbs the recovery work through reminders and rescheduling.,KNMT_or_NVM,Korte vraag over no-shows bij Tandartspraktijk MC Dent,first_email_sent,2026-04-17,email,2026-04-20,no_response,not_booked,,no,2026-04-20,Founder-intro email sent on 2026-04-17 in Dutch
25,brabant_extended,Den Bosch,Tandartspraktijk Zuid-Willemsvaart,info@tandartspraktijkzuidwillemsvaart.nl,073 6100062,https://tandartspraktijkzuidwillemsvaart.nl,brabant-dental-top-100.csv,sent,Mohamed,7,A2,owner_or_practice_manager,,,Likely loses chair time to no-shows and late cancellations and absorbs the recovery work through reminders and rescheduling.,KNMT_or_NVM,Korte vraag over no-shows bij Tandartspraktijk Zuid-Willemsvaart,first_email_sent,2026-04-17,email,2026-04-20,no_response,not_booked,,no,2026-04-20,Founder-intro email sent on 2026-04-17 in Dutch
26,brabant_extended,Oss,Tandartsenpraktijk Steenbergen Oss B.V.,oss@tandarts-steenbergen.nl,0412 – 639 722,https://www.tandarts-steenbergen-oss.nl,brabant-dental-top-100.csv,sent,Mohamed,7,A2,owner_or_practice_manager,,,Likely loses chair time to no-shows and late cancellations and absorbs the recovery work through reminders and rescheduling.,KNMT_or_NVM,Korte vraag over no-shows bij Tandartsenpraktijk Steenbergen Oss B.V.,first_email_sent,2026-04-17,email,2026-04-20,no_response,not_booked,,no,2026-04-20,Founder-intro email sent on 2026-04-17 in Dutch
27,brabant_extended,Tilburg,Dental Clinics Tilburg Amazone,amazone@dentalclinics.nl,+31134670860,https://www.dentalclinics.nl/tandarts/tilburg-amazone/,brabant-dental-top-100.csv,sent,Mohamed,7,A2,owner_or_practice_manager,,,Likely loses site-level chair time to no-shows and late cancellations and still relies on front-desk recovery workflows.,KNMT_or_NVM,Korte vraag over no-shows bij Dental Clinics Tilburg Amazone,first_email_sent,2026-04-17,email,2026-04-20,no_response,not_booked,,no,2026-04-20,Founder-intro email sent on 2026-04-17 in Dutch
28,brabant_extended,Den Bosch,Dental Clinics Empel,denbosch-empel@dentalclinics.nl,+31736137742,https://www.dentalclinics.nl/tandarts/empel/,brabant-dental-top-100.csv,sent,Mohamed,7,A2,owner_or_practice_manager,,,Likely loses site-level chair time to no-shows and late cancellations and still relies on front-desk recovery workflows.,KNMT_or_NVM,Korte vraag over no-shows bij Dental Clinics Empel,first_email_sent,2026-04-17,email,2026-04-20,no_response,not_booked,,no,2026-04-20,Founder-intro email sent on 2026-04-17 in Dutch
29,brabant_extended,Oss,Tandartsenpraktijk Leempoel-Groenewegen,balie@leempoel-groenewegen.nl,+31412691419,https://leempoel-groenewegen.nl,brabant-dental-top-100.csv,sent,Mohamed,7,A2,owner_or_practice_manager,,,Likely loses chair time to no-shows and late cancellations and absorbs the recovery work through reminders and rescheduling.,KNMT_or_NVM,Korte vraag over no-shows bij Tandartsenpraktijk Leempoel-Groenewegen,first_email_sent,2026-04-17,email,2026-04-20,no_response,not_booked,,no,2026-04-20,Founder-intro email sent on 2026-04-17 in Dutch
30,brabant_extended,Breda,Dental Clinics Breda Belcrum Linie,belcrum.linie@dentalclinics.nl,+31765214214,https://www.dentalclinics.nl/tandarts/breda-belcrum-linie/,brabant-dental-top-100.csv,sent,Mohamed,7,A2,owner_or_practice_manager,,,Likely loses site-level chair time to no-shows and late cancellations and still relies on front-desk recovery workflows.,KNMT_or_NVM,Korte vraag over no-shows bij Dental Clinics Breda Belcrum Linie,first_email_sent,2026-04-17,email,2026-04-20,no_response,not_booked,,no,2026-04-20,Founder-intro email sent on 2026-04-17 in Dutch
31,brabant_extended,Roosendaal,Tandartspraktijk Kroeven,info@tandartspraktijkkroeven.nl,0165-567969,https://www.tandartspraktijkkroeven.nl/,brabant-dental-top-100.csv,sent,Mohamed,7,A2,owner_or_practice_manager,,,Likely loses chair time to no-shows and late cancellations and absorbs the recovery work through reminders and rescheduling.,KNMT_or_NVM,Korte vraag over no-shows bij Tandartspraktijk Kroeven,first_email_sent,2026-04-17,email,2026-04-20,no_response,not_booked,,no,2026-04-20,Founder-intro email sent on 2026-04-17 in Dutch
32,brabant_extended,Bergen op Zoom,Tandartspraktijk Novita,info@tpnovita.nl,+0164 30 40 99,https://tpnovita.nl,brabant-dental-top-100.csv,sent,Mohamed,7,A2,owner_or_practice_manager,,,Likely loses chair time to no-shows and late cancellations and absorbs the recovery work through reminders and rescheduling.,KNMT_or_NVM,Korte vraag over no-shows bij Tandartspraktijk Novita,first_email_sent,2026-04-17,email,2026-04-20,no_response,not_booked,,no,2026-04-20,Founder-intro email sent on 2026-04-17 in Dutch
33,brabant_extended,Breda,Tandartsenpraktijk Kieskeurig,info@tandartsenpraktijk-kieskeurig.nl,+31768891910,https://www.tandartsenpraktijk-kieskeurig.nl/kinderen/,brabant-dental-top-100.csv,sent,Mohamed,7,A2,owner_or_practice_manager,,,Likely loses chair time to no-shows and late cancellations and absorbs the recovery work through reminders and rescheduling.,KNMT_or_NVM,Korte vraag over no-shows bij Tandartsenpraktijk Kieskeurig,first_email_sent,2026-04-17,email,2026-04-20,no_response,not_booked,,no,2026-04-20,Founder-intro email sent on 2026-04-17 in Dutch
34,brabant_extended,Den Bosch,Tandartspraktijk de Kooiker,info@dekooiker.nl,+31736217016,https://www.dekooiker.nl,brabant-dental-top-100.csv,sent,Mohamed,7,A2,owner_or_practice_manager,,,Likely loses chair time to no-shows and late cancellations and absorbs the recovery work through reminders and rescheduling.,KNMT_or_NVM,Korte vraag over no-shows bij Tandartspraktijk de Kooiker,first_email_sent,2026-04-17,email,2026-04-20,no_response,not_booked,,no,2026-04-20,Founder-intro email sent on 2026-04-17 in Dutch
35,brabant_extended,Breda,Praktijk voor Parodontologie en Implantologie Breda,infobalie@parobreda.nl,0047864255,https://www.parobreda.nl,brabant-dental-top-100.csv,sent,Mohamed,6,A2,owner_or_practice_manager,,,Likely loses chair time to no-shows and late cancellations and absorbs the recovery work through reminders and rescheduling.,KNMT_or_NVM,Korte vraag over no-shows bij Praktijk voor Parodontologie en Implantologie Breda,first_email_sent,2026-04-17,email,2026-04-20,no_response,not_booked,,no,2026-04-20,Founder-intro email sent on 2026-04-17 in Dutch
36,brabant_extended,Den Bosch,Tandartspraktijk Zevenhont,info@zevenhont.com,+31736417722,https://www.tandartspraktijkzevenhont.nl/,brabant-dental-top-100.csv,sent,Mohamed,7,A2,owner_or_practice_manager,,,Likely loses chair time to no-shows and late cancellations and absorbs the recovery work through reminders and rescheduling.,KNMT_or_NVM,Korte vraag over no-shows bij Tandartspraktijk Zevenhont,first_email_sent,2026-04-17,email,2026-04-20,no_response,not_booked,,no,2026-04-20,Founder-intro email sent on 2026-04-17 in Dutch
37,brabant_extended,Uden,Tandartspraktijk Maashorst,tandartspraktijkmaashorst@gmail.com,0413264490,https://tandartspraktijkmaashorst.nl,brabant-dental-top-100.csv,sent,Mohamed,7,A2,owner_or_practice_manager,,,Likely loses chair time to no-shows and late cancellations and absorbs the recovery work through reminders and rescheduling.,KNMT_or_NVM,Quick question about no-shows at Tandartspraktijk Maashorst,first_email_sent,2026-04-18,email,2026-04-21,no_response,not_booked,,no,2026-04-19,Founder-intro email sent on 2026-04-17 in Dutch Founder-intro email sent on 2026-04-18 in English.
38,brabant_extended,Bergen op Zoom,Tandgaaf,info@tandgaaf.nu,,https://tandgaaf.nu,brabant-dental-top-100.csv,sent,Mohamed,6,A2,owner_or_practice_manager,,,Likely loses chair time to no-shows and late cancellations and absorbs the recovery work through reminders and rescheduling.,KNMT_or_NVM,Quick question about no-shows at Tandgaaf,first_email_sent,2026-04-18,email,2026-04-21,no_response,not_booked,,no,2026-04-19,Founder-intro email sent on 2026-04-17 in Dutch Corrected from directory route to direct clinic site and email on 2026-04-18. Founder-intro email sent on 2026-04-18 in English.
39,adjacent_south,Utrecht,Dental Clinics Utrecht Maliebaan,maliebaan@dentalclinics.nl,+31302310003,https://www.dentalclinics.nl/tandarts/utrecht-maliebaan/,brabant-dental-top-100.csv,sent,Mohamed,7,A2,owner_or_practice_manager,,,Likely loses site-level chair time to no-shows and late cancellations and still relies on front-desk recovery workflows.,KNMT_or_NVM,Korte vraag over no-shows bij Dental Clinics Utrecht Maliebaan,first_email_sent,2026-04-17,email,2026-04-20,no_response,not_booked,,no,2026-04-20,Founder-intro email sent on 2026-04-17 in Dutch
40,adjacent_south,Nijmegen,Tandartspraktijk Bochem Brakkenstein,tandarts@bochem.nl,024 323 44 22,https://www.bochem.nl,brabant-dental-top-100.csv,sent,Mohamed,7,A2,owner_or_practice_manager,,,Likely loses chair time to no-shows and late cancellations and absorbs the recovery work through reminders and rescheduling.,KNMT_or_NVM,Korte vraag over no-shows bij Tandartspraktijk Bochem Brakkenstein,first_email_sent,2026-04-17,email,2026-04-20,no_response,not_booked,,no,2026-04-20,Founder-intro email sent on 2026-04-17 in Dutch
41,adjacent_south,Utrecht,Dental Clinics Utrecht Oudenoord,oudenoord@dentalclinics.nl,+31302315370,https://www.dentalclinics.nl/tandarts/utrecht-oudenoord/,brabant-dental-top-100.csv,sent,Mohamed,7,A2,owner_or_practice_manager,,,Likely loses site-level chair time to no-shows and late cancellations and still relies on front-desk recovery workflows.,KNMT_or_NVM,Quick question about no-shows at Dental Clinics Utrecht Oudenoord,first_email_sent,2026-04-17,email,2026-04-20,no_response,not_booked,,no,2026-04-20,Founder-intro email sent on 2026-04-17 in Dutch
42,adjacent_south,Utrecht,Boelens Tandartsen,info@boelenstandartsen.nl,+31302442023,http://www.boelenstandartsen.nl/,brabant-dental-top-100.csv,sent,Mohamed,7,A2,owner_or_practice_manager,,,Likely loses chair time to no-shows and late cancellations and absorbs the recovery work through reminders and rescheduling.,KNMT_or_NVM,Quick question about no-shows at Boelens Tandartsen,first_email_sent,2026-04-17,email,2026-04-20,no_response,not_booked,,no,2026-04-20,Founder-intro email sent on 2026-04-17 in English
43,adjacent_south,Weert,Tandzorg Oranjeplein,info@tandzorgoranjeplein.nl,0495524261,https://www.tandzorgoranjeplein.nl/,brabant-dental-top-100.csv,sent,Mohamed,6,A2,owner_or_practice_manager,,,Likely loses chair time to no-shows and late cancellations and absorbs the recovery work through reminders and rescheduling.,KNMT_or_NVM,Quick question about no-shows at Tandzorg Oranjeplein,first_email_sent,2026-04-17,email,2026-04-20,no_response,not_booked,,no,2026-04-20,Founder-intro email sent on 2026-04-17 in English
44,adjacent_south,Venlo,Tandartspraktijk Wermenbol,info@tandartswermenbol.nl,0031773526126,https://www.tandartswermenbol.nl,brabant-dental-top-100.csv,sent,Mohamed,7,A2,owner_or_practice_manager,,,Likely loses chair time to no-shows and late cancellations and absorbs the recovery work through reminders and rescheduling.,KNMT_or_NVM,Quick question about no-shows at Tandartspraktijk Wermenbol,first_email_sent,2026-04-17,email,2026-04-20,no_response,not_booked,,no,2026-04-20,Founder-intro email sent on 2026-04-17 in English
45,adjacent_south,Nijmegen,Fortuna Kliniek Voor Tandheelkunde,info@fortunakliniek.nl,024-2036180,https://www.fortunakliniek.nl,brabant-dental-top-100.csv,sent,Mohamed,7,A2,owner_or_practice_manager,,,Likely loses chair time to no-shows and late cancellations and absorbs the recovery work through reminders and rescheduling.,KNMT_or_NVM,Quick question about no-shows at Fortuna Kliniek Voor Tandheelkunde,first_email_sent,2026-04-17,email,2026-04-20,no_response,not_booked,,no,2026-04-20,Founder-intro email sent on 2026-04-17 in English
46,adjacent_south,Utrecht,Tandartspraktijk Bartoklaan,post@bartoklaan.nl,//030-2993666,https://www.bartoklaan.nl,brabant-dental-top-100.csv,sent,Mohamed,7,A2,owner_or_practice_manager,,,Likely loses chair time to no-shows and late cancellations and absorbs the recovery work through reminders and rescheduling.,KNMT_or_NVM,Quick question about no-shows at Tandartspraktijk Bartoklaan,first_email_sent,2026-04-17,email,2026-04-20,no_response,not_booked,,no,2026-04-20,Founder-intro email sent on 2026-04-17 in English
47,adjacent_south,Venlo,Dental Clinics Venlo,venlo@dentalclinics.nl,+31773513493,https://www.dentalclinics.nl/tandarts/venlo/,brabant-dental-top-100.csv,sent,Mohamed,7,A2,owner_or_practice_manager,,,Likely loses site-level chair time to no-shows and late cancellations and still relies on front-desk recovery workflows.,KNMT_or_NVM,Quick question about no-shows at Dental Clinics Venlo,first_email_sent,2026-04-17,email,2026-04-20,no_response,not_booked,,no,2026-04-20,Founder-intro email sent on 2026-04-17 in English
48,adjacent_south,Maastricht,Dental Clinics Maastricht Centrum,maastricht@dentalclinics.nl,+31433251545,https://www.dentalclinics.nl/tandarts/maastricht-centrum/,brabant-dental-top-100.csv,sent,Mohamed,7,A2,owner_or_practice_manager,,,Likely loses site-level chair time to no-shows and late cancellations and still relies on front-desk recovery workflows.,KNMT_or_NVM,Quick question about no-shows at Dental Clinics Maastricht Centrum,first_email_sent,2026-04-17,email,2026-04-20,no_response,not_booked,,no,2026-04-20,Founder-intro email sent on 2026-04-17 in English
49,adjacent_south,Maastricht,Dental Clinics Maastricht Heerderrein,heerderrein@dentalclinics.nl,+31433614521,https://www.dentalclinics.nl/tandarts/maastricht-heerderrein/,brabant-dental-top-100.csv,sent,Mohamed,7,A2,owner_or_practice_manager,,,Likely loses site-level chair time to no-shows and late cancellations and still relies on front-desk recovery workflows.,KNMT_or_NVM,Quick question about no-shows at Dental Clinics Maastricht Heerderrein,first_email_sent,2026-04-17,email,2026-04-20,no_response,not_booked,,no,2026-04-20,Use English founder-intro version from this point onward
50,adjacent_south,Arnhem,Mondzorg Velperweg B.V.,info@mondzorgvelperweg.nl,0263614731,https://www.tandarts-in-arnhem.nl,brabant-dental-top-100.csv,sent,Mohamed,7,A2,owner_or_practice_manager,,,"Likely feels reminder, confirmation, and rescheduling workload across an appointment-heavy oral-care schedule.",KNMT_or_NVM,Quick question about no-shows at Mondzorg Velperweg B.V.,first_email_sent,2026-04-17,email,2026-04-20,no_response,not_booked,,no,2026-04-20,Use English founder-intro version from this point onward
51,adjacent_south,Arnhem,Tandartsenpraktijk St.Elisabeths Gasthuis,info@tpeg.nl,00000193-644,https://tpeg.nl,brabant-dental-top-100.csv,sent,Mohamed,7,A2,owner_or_practice_manager,,,Likely loses chair time to no-shows and late cancellations and absorbs the recovery work through reminders and rescheduling.,KNMT_or_NVM,Quick question about no-shows at Tandartsenpraktijk St.Elisabeths Gasthuis,first_email_sent,2026-04-18,email,2026-04-21,no_response,not_booked,,no,2026-04-19,Use English founder-intro version from this point onward Corrected from invalid Google Maps placeholder route to direct clinic email on 2026-04-18. Founder-intro email sent on 2026-04-18 in English.
52,adjacent_south,Utrecht,Mondzorgpraktijk Zuilen,info@mhzuilen.nl,0938706558-970,https://www.mhzuilen.nl,brabant-dental-top-100.csv,sent,Mohamed,7,A2,owner_or_practice_manager,,,"Likely feels reminder, confirmation, and rescheduling workload across an appointment-heavy oral-care schedule.",KNMT_or_NVM,Quick question about no-shows at Mondzorgpraktijk Zuilen,first_email_sent,2026-04-18,email,2026-04-21,no_response,not_booked,,no,2026-04-19,Use English founder-intro version from this point onward Founder-intro email sent on 2026-04-18 in English.
53,adjacent_south,Utrecht,Jeugdtandarts Groen - Tandarts Utrecht,info@jeugdtandartsgroen.nl,//030 8082793,https://www.jeugdtandartsgroen.nl,brabant-dental-top-100.csv,sent,Mohamed,6,A2,owner_or_practice_manager,,,Likely loses chair time to no-shows and late cancellations and absorbs the recovery work through reminders and rescheduling.,KNMT_or_NVM,Quick question about no-shows at Jeugdtandarts Groen - Tandarts Utrecht,first_email_sent,2026-04-18,email,2026-04-21,no_response,not_booked,,no,2026-04-19,Use English founder-intro version from this point onward Founder-intro email sent on 2026-04-18 in English.
54,adjacent_south,Utrecht,Tandheelkunde Vleutenseweg,info@tandheelkundevleutenseweg.nl,0302935075,https://www.tandheelkundigcentrumvleutenseweg.nl/,brabant-dental-top-100.csv,sent,Mohamed,7,A2,owner_or_practice_manager,,,Likely loses chair time to no-shows and late cancellations and absorbs the recovery work through reminders and rescheduling.,KNMT_or_NVM,Quick question about no-shows at Tandheelkunde Vleutenseweg,first_email_sent,2026-04-18,email,2026-04-21,no_response,not_booked,,no,2026-04-19,Use English founder-intro version from this point onward Corrected from ZorgMail exchange address to public clinic inbox on 2026-04-18. Founder-intro email sent on 2026-04-18 in English.
55,adjacent_south,Utrecht,Tandheelkundig Centrum Contrast,info@thcc.nl,030-6663653,https://www.thcc.nl,brabant-dental-top-100.csv,sent,Mohamed,6,A2,owner_or_practice_manager,,,Likely loses chair time to no-shows and late cancellations and absorbs the recovery work through reminders and rescheduling.,KNMT_or_NVM,Quick question about no-shows at Tandheelkundig Centrum Contrast,first_email_sent,2026-04-18,email,2026-04-21,no_response,not_booked,,no,2026-04-19,Use English founder-intro version from this point onward Founder-intro email sent on 2026-04-18 in English.
56,adjacent_south,Utrecht,Studentist Utrecht,utrecht@studentist.nl,020 751 0839,https://www.studentist.nl/tandarts-utrecht,brabant-dental-top-100.csv,sent,Mohamed,6,A2,owner_or_practice_manager,,,Likely loses chair time to no-shows and late cancellations and absorbs the recovery work through reminders and rescheduling.,KNMT_or_NVM,Quick question about no-shows at Studentist Utrecht,first_email_sent,2026-04-18,email,2026-04-21,no_response,not_booked,,no,2026-04-19,Use English founder-intro version from this point onward Founder-intro email sent on 2026-04-18 in English.
57,adjacent_south,Nijmegen,Tandheelkundig centrum Nijmegen,info@tc-nijmegen.nl,//024 344 2670,https://www.tc-nijmegen.nl,brabant-dental-top-100.csv,sent,Mohamed,6,A2,owner_or_practice_manager,,,Likely loses chair time to no-shows and late cancellations and absorbs the recovery work through reminders and rescheduling.,KNMT_or_NVM,Quick question about no-shows at Tandheelkundig centrum Nijmegen,first_email_sent,2026-04-18,email,2026-04-21,no_response,not_booked,,no,2026-04-19,Use English founder-intro version from this point onward Founder-intro email sent on 2026-04-18 in English.
58,adjacent_south,Utrecht,Sure Dental Utrecht,info@suredental.nl,0302516343,https://www.suredental.nl/,brabant-dental-top-100.csv,sent,Mohamed,6,A2,owner_or_practice_manager,,,Likely loses chair time to no-shows and late cancellations and absorbs the recovery work through reminders and rescheduling.,KNMT_or_NVM,Quick question about no-shows at Sure Dental Utrecht,first_email_sent,2026-04-18,email,2026-04-21,no_response,not_booked,,no,2026-04-19,Use English founder-intro version from this point onward Founder-intro email sent on 2026-04-18 in English.
59,adjacent_south,Nijmegen,Mondzorgcentrum Takenhofplein,balie@mctp.nl,024 212 212 8,https://www.mondzorgcentrumtakenhofplein.nl,brabant-dental-top-100.csv,sent,Mohamed,7,A2,owner_or_practice_manager,,,"Likely feels reminder, confirmation, and rescheduling workload across an appointment-heavy oral-care schedule.",KNMT_or_NVM,Quick question about no-shows at Mondzorgcentrum Takenhofplein,first_email_sent,2026-04-18,email,2026-04-21,no_response,not_booked,,no,2026-04-19,Use English founder-intro version from this point onward Founder-intro email sent on 2026-04-18 in English.
60,adjacent_south,Nijmegen,Mondzorg de Villa,info@dental-styling.nl,,https://www.dental-styling.nl,brabant-dental-top-100.csv,sent,Mohamed,7,A2,owner_or_practice_manager,,,"Likely feels reminder, confirmation, and rescheduling workload across an appointment-heavy oral-care schedule.",KNMT_or_NVM,Quick question about no-shows at Mondzorg de Villa,first_email_sent,2026-04-18,email,2026-04-21,no_response,not_booked,,no,2026-04-19,Use English founder-intro version from this point onward Founder-intro email sent on 2026-04-18 in English.
61,adjacent_south,Arnhem,Radic Tandartspraktijk,info@tandartspraktijkradic.nl,0 1 1 0-4 2 2 0 0 1 0 4,https://www.tandartspraktijkradic.nl,brabant-dental-top-100.csv,sent,Mohamed,7,A2,owner_or_practice_manager,,,Likely loses chair time to no-shows and late cancellations and absorbs the recovery work through reminders and rescheduling.,KNMT_or_NVM,Quick question about no-shows at Radic Tandartspraktijk,first_email_sent,2026-04-18,email,2026-04-21,no_response,not_booked,,no,2026-04-19,Use English founder-intro version from this point onward Founder-intro email sent on 2026-04-18 in English.
62,adjacent_south,Weert,Mondzorg Moesel B.V.,info@mondzorgmoesel.nl,0495546882,https://www.mondzorgmoesel.nl,brabant-dental-top-100.csv,sent,Mohamed,7,A2,owner_or_practice_manager,,,"Likely feels reminder, confirmation, and rescheduling workload across an appointment-heavy oral-care schedule.",KNMT_or_NVM,Quick question about no-shows at Mondzorg Moesel B.V.,first_email_sent,2026-04-18,email,2026-04-21,no_response,not_booked,,no,2026-04-19,Use English founder-intro version from this point onward Founder-intro email sent on 2026-04-18 in English.
63,adjacent_south,Arnhem,Tandartsenpraktijk Swaters & Kremer,info@swaterskremer.nl,026-4434624,https://www.swaterskremer.nl,brabant-dental-top-100.csv,sent,Mohamed,7,A2,owner_or_practice_manager,,,Likely loses chair time to no-shows and late cancellations and absorbs the recovery work through reminders and rescheduling.,KNMT_or_NVM,Quick question about no-shows at Tandartsenpraktijk Swaters & Kremer,first_email_sent,2026-04-18,email,2026-04-21,no_response,not_booked,,no,2026-04-19,Use English founder-intro version from this point onward Founder-intro email sent on 2026-04-18 in English.
64,adjacent_south,Utrecht,Tandartspraktijk Knol,balie@tandartspraktijkknol.nl,(030) 2617452 (Bereikbaar vanaf 8:15 uur),https://www.tandartspraktijkknol.nl,brabant-dental-top-100.csv,sent,Mohamed,7,A2,owner_or_practice_manager,,,Likely loses chair time to no-shows and late cancellations and absorbs the recovery work through reminders and rescheduling.,KNMT_or_NVM,Quick question about no-shows at Tandartspraktijk Knol,first_email_sent,2026-04-18,email,2026-04-21,no_response,not_booked,,no,2026-04-19,Use English founder-intro version from this point onward Founder-intro email sent on 2026-04-18 in English.
65,adjacent_south,Nijmegen,Tandheelkunde en Implantologie Praktijk St. Jacobslaan,info@tcsw.nl,024 3222319,https://tcsw.nl/,brabant-dental-top-100.csv,sent,Mohamed,7,A2,owner_or_practice_manager,,,Likely loses chair time to no-shows and late cancellations and absorbs the recovery work through reminders and rescheduling.,KNMT_or_NVM,Quick question about no-shows at Tandheelkunde en Implantologie Praktijk St. Jacobslaan,first_email_sent,2026-04-18,email,2026-04-21,no_response,not_booked,,no,2026-04-19,Use English founder-intro version from this point onward Founder-intro email sent on 2026-04-18 in English.
66,adjacent_south,Utrecht,Tandgenoten Utrecht Leidsche Rijn,leidscherijn@tandgenoten.nl,030-2006716,https://tandgenoten.nl/leidscherijn/,brabant-dental-top-100.csv,sent,Mohamed,6,A2,owner_or_practice_manager,,,Likely loses chair time to no-shows and late cancellations and absorbs the recovery work through reminders and rescheduling.,KNMT_or_NVM,Quick question about no-shows at Tandgenoten Utrecht Leidsche Rijn,first_email_sent,2026-04-18,email,2026-04-21,no_response,not_booked,,no,2026-04-19,Use English founder-intro version from this point onward Founder-intro email sent on 2026-04-18 in English.
67,adjacent_south,Utrecht,Proclin Utrecht,balie@paropraktijk.nl,030 287 05 60,https://www.parodontologie-utrecht.nl/,brabant-dental-top-100.csv,sent,Mohamed,6,A2,owner_or_practice_manager,,,Likely loses chair time to no-shows and late cancellations and absorbs the recovery work through reminders and rescheduling.,KNMT_or_NVM,Quick question about no-shows at Proclin Utrecht,first_email_sent,2026-04-18,email,2026-04-21,no_response,not_booked,,no,2026-04-19,Use English founder-intro version from this point onward Founder-intro email sent on 2026-04-18 in English.
68,adjacent_south,Nijmegen,Tandartsenpraktijk Villa Westhof,info@tandarts-villawesthof.nl,+31 (0)24 323 33 66,https://www.tandartsnijmegenoost.nl,brabant-dental-top-100.csv,sent,Mohamed,7,A2,owner_or_practice_manager,,,Likely loses chair time to no-shows and late cancellations and absorbs the recovery work through reminders and rescheduling.,KNMT_or_NVM,Quick question about no-shows at Tandartsenpraktijk Villa Westhof,first_email_sent,2026-04-18,email,2026-04-21,no_response,not_booked,,no,2026-04-19,Use English founder-intro version from this point onward Founder-intro email sent on 2026-04-18 in English.
69,adjacent_south,Nijmegen,Tandartspraktijk de Oversteek,info@tpdo.nl,021-09-03-08-02-14-,https://tandartspraktijkdeoversteek.nl/,brabant-dental-top-100.csv,sent,Mohamed,7,A2,owner_or_practice_manager,,,Likely loses chair time to no-shows and late cancellations and absorbs the recovery work through reminders and rescheduling.,KNMT_or_NVM,Quick question about no-shows at Tandartspraktijk de Oversteek,first_email_sent,2026-04-18,email,2026-04-21,no_response,not_booked,,no,2026-04-19,Use English founder-intro version from this point onward Founder-intro email sent on 2026-04-18 in English.
70,adjacent_south,Geleen,Vos & Nos Geleen,geleen@vosnos.nl,0850400800,https://vosnos.nl/,brabant-dental-top-100.csv,sent,Mohamed,6,A2,owner_or_practice_manager,,,Likely loses chair time to no-shows and late cancellations and absorbs the recovery work through reminders and rescheduling.,KNMT_or_NVM,Quick question about no-shows at Vos & Nos Geleen,first_email_sent,2026-04-18,email,2026-04-21,no_response,not_booked,,no,2026-04-19,Use English founder-intro version from this point onward Founder-intro email sent on 2026-04-18 in English.
71,adjacent_south,Maastricht,Tandartsenpraktijk van Nouhuys,hertogsingeltandartsen@gmail.com,043 - 321 173 6,https://www.de-tandarts.net,brabant-dental-top-100.csv,sent,Mohamed,7,A2,owner_or_practice_manager,,,Likely loses chair time to no-shows and late cancellations and absorbs the recovery work through reminders and rescheduling.,KNMT_or_NVM,Quick question about no-shows at Tandartsenpraktijk van Nouhuys,first_email_sent,2026-04-18,email,2026-04-21,no_response,not_booked,,no,2026-04-19,Use English founder-intro version from this point onward Founder-intro email sent on 2026-04-18 in English.
72,national_backup,Rotterdam,Dental Clinics Rotterdam Zuiderterras,zuiderterras@dentalclinics.nl,+31104101470,https://www.dentalclinics.nl/tandarts/rotterdam-zuiderterras/,brabant-dental-top-100.csv,queued,Mohamed,5,B,owner_or_practice_manager,,,Likely loses site-level chair time to no-shows and late cancellations and still relies on front-desk recovery workflows.,,Quick question about no-shows at Dental Clinics Rotterdam Zuiderterras,research,,,,,not_booked,,no,2026-04-22,Use English founder-intro version from this point onward Reserve wave. Hold until A-tier clinic threads are fully worked.
73,national_backup,Gouda,Dental Clinics Gouda Büchnerweg,buchnerweg@dentalclinics.nl,+31182510527,https://www.dentalclinics.nl/tandarts/gouda-buchnerweg/,brabant-dental-top-100.csv,queued,Mohamed,5,B,owner_or_practice_manager,,,Likely loses site-level chair time to no-shows and late cancellations and still relies on front-desk recovery workflows.,,Quick question about no-shows at Dental Clinics Gouda Büchnerweg,research,,,,,not_booked,,no,2026-04-22,Use English founder-intro version from this point onward Reserve wave. Hold until A-tier clinic threads are fully worked.
74,national_backup,Delft,Dental Clinics Delft,delft@dentalclinics.nl,+31152143352,https://www.dentalclinics.nl/tandarts/delft/,brabant-dental-top-100.csv,queued,Mohamed,5,B,owner_or_practice_manager,,,Likely loses site-level chair time to no-shows and late cancellations and still relies on front-desk recovery workflows.,,Quick question about no-shows at Dental Clinics Delft,research,,,,,not_booked,,no,2026-04-22,Use English founder-intro version from this point onward Reserve wave. Hold until A-tier clinic threads are fully worked.
75,national_backup,Leiden,Van Leeuwen Tandartsen - centrum voor mondzorg en implantologie Leiden,info@vanleeuwen-tandartsen.nl,+31715898372,https://vanleeuwen-tandartsen.nl/behandelingen/implantaten/,brabant-dental-top-100.csv,queued,Mohamed,5,B,owner_or_practice_manager,,,"Likely feels reminder, confirmation, and rescheduling workload across an appointment-heavy oral-care schedule.",,Quick question about no-shows at Van Leeuwen Tandartsen - centrum voor mondzorg en implantologie Leiden,research,,,,,not_booked,,no,2026-04-22,Use English founder-intro version from this point onward Reserve wave. Hold until A-tier clinic threads are fully worked.
76,national_backup,Dordrecht,Dental Clinics Dordrecht Kuipershaven,kuipershaven@dentalclinics.nl,+31786135133,https://www.dentalclinics.nl/tandarts/dordrecht-kuipershaven/,brabant-dental-top-100.csv,queued,Mohamed,5,B,owner_or_practice_manager,,,Likely loses site-level chair time to no-shows and late cancellations and still relies on front-desk recovery workflows.,,Quick question about no-shows at Dental Clinics Dordrecht Kuipershaven,research,,,,,not_booked,,no,2026-04-22,Use English founder-intro version from this point onward Reserve wave. Hold until A-tier clinic threads are fully worked.
77,national_backup,Haarlem,Dental Clinics Haarlem Zijlweg,haarlem@dentalclinics.nl,+31235531010,https://www.dentalclinics.nl/tandarts/haarlem-zijlweg/,brabant-dental-top-100.csv,queued,Mohamed,5,B,owner_or_practice_manager,,,Likely loses site-level chair time to no-shows and late cancellations and still relies on front-desk recovery workflows.,,Quick question about no-shows at Dental Clinics Haarlem Zijlweg,research,,,,,not_booked,,no,2026-04-22,Use English founder-intro version from this point onward Reserve wave. Hold until A-tier clinic threads are fully worked.
78,national_backup,Gouda,Dental Clinics Gouda Burghvliet,gouda@dentalclinics.nl,+31182550366,https://www.dentalclinics.nl/tandarts/gouda-burghvliet/,brabant-dental-top-100.csv,queued,Mohamed,5,B,owner_or_practice_manager,,,Likely loses site-level chair time to no-shows and late cancellations and still relies on front-desk recovery workflows.,,Quick question about no-shows at Dental Clinics Gouda Burghvliet,research,,,,,not_booked,,no,2026-04-22,Use English founder-intro version from this point onward Reserve wave. Hold until A-tier clinic threads are fully worked.
79,national_backup,Amersfoort,Kliniek voor tandheelkunde Dorrestein B.V.,info@tandartsdorrestein.nl,+310334612200,http://www.tandartsdorrestein.nl/,brabant-dental-top-100.csv,queued,Mohamed,5,B,owner_or_practice_manager,,,Likely loses chair time to no-shows and late cancellations and absorbs the recovery work through reminders and rescheduling.,,Quick question about no-shows at Kliniek voor tandheelkunde Dorrestein B.V.,research,,,,,not_booked,,no,2026-04-22,Use English founder-intro version from this point onward Reserve wave. Hold until A-tier clinic threads are fully worked.
80,national_backup,Amersfoort,Dental Clinics Amersfoort Hogekwartier,hogekwartier@dentalclinics.nl,+31334722990,https://www.dentalclinics.nl/tandarts/amersfoort-hogekwartier/,brabant-dental-top-100.csv,queued,Mohamed,5,B,owner_or_practice_manager,,,Likely loses site-level chair time to no-shows and late cancellations and still relies on front-desk recovery workflows.,,Quick question about no-shows at Dental Clinics Amersfoort Hogekwartier,research,,,,,not_booked,,no,2026-04-22,Use English founder-intro version from this point onward Reserve wave. Hold until A-tier clinic threads are fully worked.
81,national_backup,Rotterdam,Mondzorg Centrum Rotterdam,info@mondzorgcentrum-rotterdam.nl,//010-2827206,https://www.mondzorgcentrum-rotterdam.nl/de-praktijk/het-team/,brabant-dental-top-100.csv,queued,Mohamed,5,B,owner_or_practice_manager,,,"Likely feels reminder, confirmation, and rescheduling workload across an appointment-heavy oral-care schedule.",,Quick question about no-shows at Mondzorg Centrum Rotterdam,research,,,,,not_booked,,no,2026-04-22,Use English founder-intro version from this point onward Reserve wave. Hold until A-tier clinic threads are fully worked.
82,national_backup,Amersfoort,Kliniek Implantologie Amersfoort,info@implantologie-amersfoort.nl,033 - 421 78 50,https://www.implantologie-amersfoort.nl/,brabant-dental-top-100.csv,queued,Mohamed,4,B,owner_or_practice_manager,,,Likely loses chair time to no-shows and late cancellations and absorbs the recovery work through reminders and rescheduling.,,Quick question about no-shows at Kliniek Implantologie Amersfoort,research,,,,,not_booked,,no,2026-04-22,Use English founder-intro version from this point onward Reserve wave. Hold until A-tier clinic threads are fully worked.
83,national_backup,Rotterdam,Dental Clinics Rotterdam Pleinweg,pleinweg@dentalclinics.nl,+31104100100,https://www.dentalclinics.nl/tandarts/rotterdam-pleinweg/,brabant-dental-top-100.csv,queued,Mohamed,5,B,owner_or_practice_manager,,,Likely loses site-level chair time to no-shows and late cancellations and still relies on front-desk recovery workflows.,,Quick question about no-shows at Dental Clinics Rotterdam Pleinweg,research,,,,,not_booked,,no,2026-04-22,Use English founder-intro version from this point onward Reserve wave. Hold until A-tier clinic threads are fully worked.
84,national_backup,Delft,De Tandartsengroep Delft,receptie@detandartsengroepdelft.nl,0031152122268,https://www.detandartsengroepdelft.nl,brabant-dental-top-100.csv,queued,Mohamed,5,B,owner_or_practice_manager,,,Likely loses chair time to no-shows and late cancellations and absorbs the recovery work through reminders and rescheduling.,,Quick question about no-shows at De Tandartsengroep Delft,research,,,,,not_booked,,no,2026-04-22,Use English founder-intro version from this point onward Reserve wave. Hold until A-tier clinic threads are fully worked.
85,national_backup,Rotterdam,Loef Mondzorg,info@loef.nl,0102004815,https://loef.nl,brabant-dental-top-100.csv,queued,Mohamed,5,B,owner_or_practice_manager,,,"Likely feels reminder, confirmation, and rescheduling workload across an appointment-heavy oral-care schedule.",,Quick question about no-shows at Loef Mondzorg,research,,,,,not_booked,,no,2026-04-22,Use English founder-intro version from this point onward Reserve wave. Hold until A-tier clinic threads are fully worked.
86,national_backup,Leiden,Tandartsenpraktijk Unident,info@unident.nl,+31 (0)71-5146004,https://www.unident.nl/behandeling/tandartscontrole/,brabant-dental-top-100.csv,queued,Mohamed,5,B,owner_or_practice_manager,,,Likely loses chair time to no-shows and late cancellations and absorbs the recovery work through reminders and rescheduling.,,Quick question about no-shows at Tandartsenpraktijk Unident,research,,,,,not_booked,,no,2026-04-22,Use English founder-intro version from this point onward Reserve wave. Hold until A-tier clinic threads are fully worked.
87,national_backup,Rotterdam,"Ordentall, kliniek voor parodontologie en implantologie",administratie@ordentall.nl,+31104121500,https://www.ordentall.nl,brabant-dental-top-100.csv,queued,Mohamed,4,B,owner_or_practice_manager,,,Likely loses chair time to no-shows and late cancellations and absorbs the recovery work through reminders and rescheduling.,,"Quick question about no-shows at Ordentall, kliniek voor parodontologie en implantologie",research,,,,,not_booked,,no,2026-04-22,Use English founder-intro version from this point onward Reserve wave. Hold until A-tier clinic threads are fully worked.
88,national_backup,Amstelveen,Tandartsenpraktijk Arnout & Hobbelink,info@ahtandartsen.nl,+3120-6420707,https://www.ahtandartsen.nl,brabant-dental-top-100.csv,queued,Mohamed,5,B,owner_or_practice_manager,,,Likely loses chair time to no-shows and late cancellations and absorbs the recovery work through reminders and rescheduling.,,Quick question about no-shows at Tandartsenpraktijk Arnout & Hobbelink,research,,,,,not_booked,,no,2026-04-22,Use English founder-intro version from this point onward Reserve wave. Hold until A-tier clinic threads are fully worked.
89,national_backup,Haarlem,Tandartspraktijk Kirsten Knetsch,info@tpkk.nl,0235315157,https://www.tpkk.nl,brabant-dental-top-100.csv,queued,Mohamed,5,B,owner_or_practice_manager,,,Likely loses chair time to no-shows and late cancellations and absorbs the recovery work through reminders and rescheduling.,,Quick question about no-shows at Tandartspraktijk Kirsten Knetsch,research,,,,,not_booked,,no,2026-04-22,Use English founder-intro version from this point onward Reserve wave. Hold until A-tier clinic threads are fully worked.
90,national_backup,Rotterdam,Dental Clinics Rotterdam Eudokiaplein,eudokiaplein@dentalclinics.nl,+31107900694,https://www.dentalclinics.nl/tandarts/rotterdam-eudokiaplein/,brabant-dental-top-100.csv,queued,Mohamed,5,B,owner_or_practice_manager,,,Likely loses site-level chair time to no-shows and late cancellations and still relies on front-desk recovery workflows.,,Quick question about no-shows at Dental Clinics Rotterdam Eudokiaplein,research,,,,,not_booked,,no,2026-04-22,Use English founder-intro version from this point onward Reserve wave. Hold until A-tier clinic threads are fully worked.
91,national_backup,Amersfoort,LICHT Dentist,info@lichtdentist.nl,033 - 465 0712,https://lichtdentist.nl/,brabant-dental-top-100.csv,queued,Mohamed,4,B,owner_or_practice_manager,,,Likely loses chair time to no-shows and late cancellations and absorbs the recovery work through reminders and rescheduling.,,Quick question about no-shows at LICHT Dentist,research,,,,,not_booked,,no,2026-04-22,Use English founder-intro version from this point onward Reserve wave. Hold until A-tier clinic threads are fully worked.
92,national_backup,Rotterdam,Tandartsenpraktijk Willemsplein,info@tandartswillemsplein.nl,0031104137911,https://www.tandartswillemsplein.nl,brabant-dental-top-100.csv,queued,Mohamed,5,B,owner_or_practice_manager,,,Likely loses chair time to no-shows and late cancellations and absorbs the recovery work through reminders and rescheduling.,,Quick question about no-shows at Tandartsenpraktijk Willemsplein,research,,,,,not_booked,,no,2026-04-22,Use English founder-intro version from this point onward Reserve wave. Hold until A-tier clinic threads are fully worked.
93,national_backup,Rotterdam,Tandartsenpraktijk Zalmhaven,info@tandartszalmhaven.nl,0031850299175,https://tandartszalmhaven.nl/,brabant-dental-top-100.csv,queued,Mohamed,5,B,owner_or_practice_manager,,,Likely loses chair time to no-shows and late cancellations and absorbs the recovery work through reminders and rescheduling.,,Quick question about no-shows at Tandartsenpraktijk Zalmhaven,research,,,,,not_booked,,no,2026-04-22,Use English founder-intro version from this point onward Reserve wave. Hold until A-tier clinic threads are fully worked.
94,national_backup,Leiden,De Mond van Leiden,info@demondvanleiden.nl,06 23 81 02 67,https://demondvanleiden.nl/afspraak-maken/,brabant-dental-top-100.csv,queued,Mohamed,4,B,owner_or_practice_manager,,,Likely loses chair time to no-shows and late cancellations and absorbs the recovery work through reminders and rescheduling.,,Quick question about no-shows at De Mond van Leiden,research,,,,,not_booked,,no,2026-04-22,Use English founder-intro version from this point onward Reserve wave. Hold until A-tier clinic threads are fully worked.
95,national_backup,Haarlem,Dental Clinics Haarlem Rijksstraatweg,rijksstraatweg@dentalclinics.nl,+31235252416,https://www.dentalclinics.nl/tandarts/haarlem-rijksstraatweg/,brabant-dental-top-100.csv,queued,Mohamed,5,B,owner_or_practice_manager,,,Likely loses site-level chair time to no-shows and late cancellations and still relies on front-desk recovery workflows.,,Quick question about no-shows at Dental Clinics Haarlem Rijksstraatweg,research,,,,,not_booked,,no,2026-04-22,Use English founder-intro version from this point onward Reserve wave. Hold until A-tier clinic threads are fully worked.
96,national_backup,Amstelveen,MID Tandartsen,amstelveen@midtandartsen.nl,020-4263888,https://midtandartsen.nl/,brabant-dental-top-100.csv,queued,Mohamed,5,B,owner_or_practice_manager,,,Likely loses chair time to no-shows and late cancellations and absorbs the recovery work through reminders and rescheduling.,,Quick question about no-shows at MID Tandartsen,research,,,,,not_booked,,no,2026-04-22,Use English founder-intro version from this point onward Reserve wave. Hold until A-tier clinic threads are fully worked.
97,national_backup,Amersfoort,Eemvallei Tandartsen,info@eemvalleitandartsen.nl,123-456-7890,https://eemvalleitandartsen.nl,brabant-dental-top-100.csv,queued,Mohamed,5,B,owner_or_practice_manager,,,Likely loses chair time to no-shows and late cancellations and absorbs the recovery work through reminders and rescheduling.,,Quick question about no-shows at Eemvallei Tandartsen,research,,,,,not_booked,,no,2026-04-22,Use English founder-intro version from this point onward Reserve wave. Hold until A-tier clinic threads are fully worked.
98,national_backup,Rotterdam,Rodin Dental Clinic,info@rodindentalclinic.nl,//010 - 415 2745,https://www.rodindentalclinic.nl,brabant-dental-top-100.csv,queued,Mohamed,4,B,owner_or_practice_manager,,,Likely loses chair time to no-shows and late cancellations and absorbs the recovery work through reminders and rescheduling.,,Quick question about no-shows at Rodin Dental Clinic,research,,,,,not_booked,,no,2026-04-22,Use English founder-intro version from this point onward Reserve wave. Hold until A-tier clinic threads are fully worked.
99,national_backup,Amstelveen,Tandartspraktijk Rembrandt,info@tandartspraktijkrembrandt.nl,+31 (0) 20 2260032,https://www.tandartspraktijkrembrandt.nl,brabant-dental-top-100.csv,queued,Mohamed,5,B,owner_or_practice_manager,,,Likely loses chair time to no-shows and late cancellations and absorbs the recovery work through reminders and rescheduling.,,Quick question about no-shows at Tandartspraktijk Rembrandt,research,,,,,not_booked,,no,2026-04-22,Use English founder-intro version from this point onward Reserve wave. Hold until A-tier clinic threads are fully worked.
100,national_backup,Rotterdam,Mondzorg Erasmus,info@mondzorgerasmus.nl,+31103105636,https://mondzorgerasmus.nl/,brabant-dental-top-100.csv,queued,Mohamed,5,B,owner_or_practice_manager,,,"Likely feels reminder, confirmation, and rescheduling workload across an appointment-heavy oral-care schedule.",,Quick question about no-shows at Mondzorg Erasmus,research,,,,,not_booked,,no,2026-04-22,Use English founder-intro version from this point onward Reserve wave. Hold until A-tier clinic threads are fully worked.
