lead_rank,region_bucket,city,clinic_name,address,contact_email,contact_phone,official_website,listing_url,quality_tier,quality_score,verification_status,source_file
1,core_brainport,Eindhoven,Dental Clinics Eindhoven,"Kerstrooslaan 2, Eindhoven",eindhoven@dentalclinics.nl,+31402118136,https://www.dentalclinics.nl/tandarts/eindhoven/,https://www.tandarts.nl/tandarts-eindhoven/dental-clinics-eindhoven,A,107,official_site_and_email_verified,brabant-dental-top-100.csv
2,core_brainport,Eindhoven,pc2-tandartsen,"P.Czn. Hooftlaan 2, Eindhoven",receptie@pc2-tandartsen.nl,//040-2930399,https://www.pc2-tandartsen.nl,https://www.tandarts.nl/tandarts-eindhoven/pc2-tandartsen,A,107,official_site_and_email_verified,brabant-dental-top-100.csv
3,core_brainport,Helmond,Tandartsenpraktijk Brouwhuis,"Overloop 50, Helmond",info@tandartsenpraktijkbrouwhuis.nl,0492 511811,http://www.tandartsenpraktijkbrouwhuis.nl/,https://www.tandarts.nl/tandarts-helmond/tandartsenpraktijk-brouwhuis,A,107,official_site_and_email_verified,brabant-dental-top-100.csv
4,core_brainport,Veldhoven,City Mondzorg - Veldhoven,"Horst 18, Veldhoven",info@citymondzorg.nl,+31 040 251 45 27,https://www.citymondzorg.nl,https://www.tandarts.nl/tandarts-veldhoven/city-mondzorg-veldhoven,A,107,official_site_and_email_verified,brabant-dental-top-100.csv
5,core_brainport,Eindhoven,Oud Stratum Tandartsen,"Leenderweg 10, Eindhoven",info@oudstratumtandartsen.nl,040 2111458,https://www.oudstratumtandartsen.nl,https://www.tandarts.nl/tandarts-eindhoven/oud-stratum-tandartsen,A,104,official_site_and_email_verified,brabant-dental-top-100.csv
6,core_brainport,Eindhoven,Tandartspraktijk De Oude Toren B.V.,"Amundsenlaan 309, Eindhoven",info@tandartspraktijkdeoudetoren.nl,040 291 2682,https://www.tandartspraktijkdeoudetoren.nl,https://www.tandarts.nl/tandarts-eindhoven/tandartspraktijk-de-oude-toren-bv,A,104,official_site_and_email_verified,brabant-dental-top-100.csv
7,core_brainport,Best,Dental Clinics Best,"Oirschotseweg 70, Best",best@dentalclinics.nl,+31499392920,https://www.dentalclinics.nl/tandarts/best/,https://www.tandarts.nl/tandarts-best/dental-clinics-best,A,102,official_site_and_email_verified,brabant-dental-top-100.csv
8,core_brainport,Eindhoven,Atlas Dental Care Eindhoven,"Ten Hagestraat 10, Eindhoven",info@atlaseindhoven.nl,0402364711,https://atlaseindhoven.nl/contact/,https://www.tandarts.nl/tandarts-eindhoven/atlas-dental-care-eindhoven,A,101,official_site_and_email_verified,brabant-dental-top-100.csv
9,core_brainport,Eindhoven,Tandartspraktijk Sibeliuslaan,"Sibeliuslaan 317, Eindhoven",info@tandartssibeliuslaan.nl,0403030967,https://www.tandartssibeliuslaan.nl/,https://www.tandarts.nl/tandarts-eindhoven/tandartspraktijk-sibeliuslaan,A,101,official_site_and_email_verified,brabant-dental-top-100.csv
10,core_brainport,Helmond,Tandartsen Helmond,"Zuidende 27, Helmond",info@tandartsenhelmond.nl,0492525288,https://www.tandartsenhelmond.nl,https://www.tandarts.nl/tandarts-helmond/tandartsen-helmond,A,97,official_site_and_email_verified,brabant-dental-top-100.csv
11,core_brainport,Eindhoven,Tandartsen Gestel,"Bennekelstraat 7, Eindhoven",info@tandartsengestel.nl,+310403030020,http://www.tandartsengestel.nl/,https://www.tandarts.nl/tandarts-eindhoven/tandartsen-gestel,A,97,official_site_and_email_verified,brabant-dental-top-100.csv
12,core_brainport,Eindhoven,Praktijk voor parodontologie en implantologie Eindhoven,"Fransebaan 604, Eindhoven",info@paro-eindhoven.nl,0402230444,https://www.paro-eindhoven.nl,https://www.tandarts.nl/tandarts-eindhoven/praktijk-voor-parodontologie-en-implantologie-eindhoven,A,97,official_site_and_email_verified,brabant-dental-top-100.csv
13,core_brainport,Eindhoven,Tandprothetische praktijk de Polders Eindhoven,"Leenderweg 94, Eindhoven",info@depolders.nl,000402541639,https://depolders.nl/tandprothese/,https://www.tandarts.nl/tandarts-eindhoven/tandprothetische-praktijk-de-polders-eindhoven,A,97,official_site_and_email_verified,brabant-dental-top-100.csv
14,core_brainport,Eindhoven,MKA Kliniek Eindhoven,"Ten Hagestraat 10, Eindhoven",info@mkakliniekeindhoven.nl,0859022999,https://www.mkakliniekeindhoven.nl,https://www.tandarts.nl/tandarts-eindhoven/mka-kliniek-eindhoven,A,92,official_site_and_email_verified,brabant-dental-top-100.csv
15,brabant_extended,Tilburg,Smile Mondzorg Tilburg,"Haendellaan 50, Tilburg",info@smilemondzorg.nl,013 455 1674,http://www.smilemondzorg.nl/,https://www.tandarts.nl/tandarts-tilburg/smile-mondzorg-tilburg,A,101,official_site_and_email_verified,brabant-dental-top-100.csv
16,brabant_extended,Tilburg,Tandartsenpraktijk Steenbergen Tilburg B.V.,"Kruisvaardersstraat, Tilburg",tilburg@tandarts-steenbergen.nl,+31135352535,https://www.tandarts-steenbergen.nl,https://www.tandarts.nl/tandarts-tilburg/tandartsenpraktijk-steenbergen-tilburg-bv,A,101,official_site_and_email_verified,brabant-dental-top-100.csv
17,brabant_extended,Breda,Dental Clinics Breda Princenhage,"Pastoor van Spaandonkstraat 3, Breda",breda@dentalclinics.nl,+31765214214,https://www.dentalclinics.nl/tandarts/breda-princenhage/,https://www.tandarts.nl/tandarts-breda/dental-clinics-breda-princenhage,A,101,official_site_and_email_verified,brabant-dental-top-100.csv
18,brabant_extended,Oss,Dental Clinics Oss,"Raadhuislaan 5b, Oss",oss@dentalclinics.nl,+31412646746,https://www.dentalclinics.nl/tandarts/oss/,https://www.tandarts.nl/tandarts-oss/dental-clinics-oss,A,101,official_site_and_email_verified,brabant-dental-top-100.csv
19,brabant_extended,Tilburg,Mondzorg Tilburg West,"Burgemeester van de Mortelplein, Tilburg",contact@mondzorgtilburgwest.nl,//013-5426219,https://mondzorgtilburgwest.nl,https://www.tandarts.nl/tandarts-tilburg/mondzorg-tilburg-west,A,101,official_site_and_email_verified,brabant-dental-top-100.csv
20,brabant_extended,Tilburg,Tandartspraktijk Laugeman,"Conservatoriumlaan 56, Tilburg",info@laugemantandartspraktijk.nl,0134676803,https://www.laugemantandartspraktijk.nl/,https://www.tandarts.nl/tandarts-tilburg/tandartspraktijk-laugeman,A,101,official_site_and_email_verified,brabant-dental-top-100.csv
21,brabant_extended,Tilburg,Dental Clinics Tilburg Reeshof,"Drongelenhof 20, Tilburg",reeshof@dentalclinics.nl,+31135710606,https://www.dentalclinics.nl/tandarts/tilburg-reeshof/,https://www.tandarts.nl/tandarts-tilburg/dental-clinics-tilburg-reeshof,A,101,official_site_and_email_verified,brabant-dental-top-100.csv
22,brabant_extended,Uden,Tandartspraktijk Uden-Zuid B.V.,"Verlengde Velmolen 21, Uden",info@tandartsudenzuid.nl,+31413258280,https://www.tandartsudenzuid.nl/wie-zijn-wij,https://www.tandarts.nl/tandarts-uden/tandartspraktijk-uden-zuid-bv,A,101,official_site_and_email_verified,brabant-dental-top-100.csv
23,brabant_extended,Den Bosch,Centrumtandzorg,"Eekbrouwersweg 4, Den Bosch",administratie@centrumtandzorg.nl,013 234 0880 --,https://centrumtandzorg.nl,https://www.tandarts.nl/tandarts-den-bosch/centrumtandzorg,A,98,official_site_and_email_verified,brabant-dental-top-100.csv
24,brabant_extended,Breda,Tandartspraktijk MC Dent,"Essendonk 7a, Breda",info@mcdent.nl,076 82 00 211,https://www.mcdent.nl/behandelingen/,https://www.tandarts.nl/tandarts-breda/tandartspraktijk-mc-dent,A,98,official_site_and_email_verified,brabant-dental-top-100.csv
25,brabant_extended,Den Bosch,Tandartspraktijk Zuid-Willemsvaart,"Zuid-Willemsvaart 569, Den Bosch",info@tandartspraktijkzuidwillemsvaart.nl,073 6100062,https://tandartspraktijkzuidwillemsvaart.nl,https://www.tandarts.nl/tandarts-den-bosch/tandartspraktijk-zuid-willemsvaart,A,98,official_site_and_email_verified,brabant-dental-top-100.csv
26,brabant_extended,Oss,Tandartsenpraktijk Steenbergen Oss B.V.,"Medicijnstraat 120, Oss",oss@tandarts-steenbergen.nl,0412 – 639 722,https://www.tandarts-steenbergen-oss.nl,https://www.tandarts.nl/tandarts-oss/tandartsenpraktijk-steenbergen-oss-bv,A,96,official_site_and_email_verified,brabant-dental-top-100.csv
27,brabant_extended,Tilburg,Dental Clinics Tilburg Amazone,"Lage Witsiebaan 78, Tilburg",amazone@dentalclinics.nl,+31134670860,https://www.dentalclinics.nl/tandarts/tilburg-amazone/,https://www.tandarts.nl/tandarts-tilburg/dental-clinics-tilburg-amazone,A,96,official_site_and_email_verified,brabant-dental-top-100.csv
28,brabant_extended,Den Bosch,Dental Clinics Empel,"Burgemeesters Godschalxstraat 74, Den Bosch",denbosch-empel@dentalclinics.nl,+31736137742,https://www.dentalclinics.nl/tandarts/empel/,https://www.tandarts.nl/tandarts-den-bosch/dental-clinics-empel,A,95,official_site_and_email_verified,brabant-dental-top-100.csv
29,brabant_extended,Oss,Tandartsenpraktijk Leempoel-Groenewegen,"de Maasvallei 107, Oss",balie@leempoel-groenewegen.nl,+31412691419,https://leempoel-groenewegen.nl,https://www.tandarts.nl/tandarts-oss/tandartsenpraktijk-leempoel-groenewegen,A,95,official_site_and_email_verified,brabant-dental-top-100.csv
30,brabant_extended,Breda,Dental Clinics Breda Belcrum Linie,"Christiaan Huygensstraat 40, Breda",belcrum.linie@dentalclinics.nl,+31765214214,https://www.dentalclinics.nl/tandarts/breda-belcrum-linie/,https://www.tandarts.nl/tandarts-breda/dental-clinics-breda-belcrum-linie,A,93,official_site_and_email_verified,brabant-dental-top-100.csv
31,brabant_extended,Roosendaal,Tandartspraktijk Kroeven,"Kroevenlaan 33, Roosendaal",info@tandartspraktijkkroeven.nl,0165-567969,https://www.tandartspraktijkkroeven.nl/,https://www.tandarts.nl/tandarts-roosendaal/tandartspraktijk-kroeven,A,91,official_site_and_email_verified,brabant-dental-top-100.csv
32,brabant_extended,Bergen op Zoom,Tandartspraktijk Novita,"Boerhaaveplein 9B    , Bergen Op Zoom",info@tpnovita.nl,+0164 30 40 99,https://tpnovita.nl,https://www.tandarts.nl/tandarts-bergen-op-zoom/tandartspraktijk-novita,A,91,official_site_and_email_verified,brabant-dental-top-100.csv
33,brabant_extended,Breda,Tandartsenpraktijk Kieskeurig,"Haagweg 248, Breda",info@tandartsenpraktijk-kieskeurig.nl,+31768891910,https://www.tandartsenpraktijk-kieskeurig.nl/kinderen/,https://www.tandarts.nl/tandarts-breda/tandartsenpraktijk-kieskeurig,A,91,official_site_and_email_verified,brabant-dental-top-100.csv
34,brabant_extended,Den Bosch,Tandartspraktijk de Kooiker,"Kooikersweg 203, Den Bosch",info@dekooiker.nl,+31736217016,https://www.dekooiker.nl,https://www.tandarts.nl/tandarts-den-bosch/tandartspraktijk-de-kooiker,A,91,official_site_and_email_verified,brabant-dental-top-100.csv
35,brabant_extended,Breda,Praktijk voor Parodontologie en Implantologie Breda,"Brederostraat 2b, Breda",infobalie@parobreda.nl,0047864255,https://www.parobreda.nl,https://www.tandarts.nl/tandarts-breda/praktijk-voor-parodontologie-en-implantologie-breda,A,91,official_site_and_email_verified,brabant-dental-top-100.csv
36,brabant_extended,Den Bosch,Tandartspraktijk Zevenhont,"Zevenhontseweg 5, Den Bosch",info@zevenhont.com,+31736417722,https://www.tandartspraktijkzevenhont.nl/,https://www.tandarts.nl/tandarts-den-bosch/tandartspraktijk-zevenhont,A,90,official_site_and_email_verified,brabant-dental-top-100.csv
37,brabant_extended,Uden,Tandartspraktijk Maashorst,"Breukrand 115, Uden",tandartspraktijkmaashorst@gmail.com,0413264490,https://tandartspraktijkmaashorst.nl,https://www.tandarts.nl/tandarts-uden/tandartspraktijk-maashorst,A,90,official_site_and_email_verified,brabant-dental-top-100.csv
38,brabant_extended,Bergen op Zoom,Tandgaaf,"Dubbelstraat 90, Bergen Op Zoom",info@tandgaaf.nu,,https://tandgaaf.nu,https://www.tandarts.nl/tandarts-bergen-op-zoom/tandgaaf,A,86,official_site_and_email_verified,brabant-dental-top-100.csv
39,adjacent_south,Utrecht,Dental Clinics Utrecht Maliebaan,"Maliebaan 44, Utrecht",maliebaan@dentalclinics.nl,+31302310003,https://www.dentalclinics.nl/tandarts/utrecht-maliebaan/,https://www.tandarts.nl/tandarts-utrecht/dental-clinics-utrecht-maliebaan,A,98,official_site_and_email_verified,brabant-dental-top-100.csv
40,adjacent_south,Nijmegen,Tandartspraktijk Bochem Brakkenstein,"Kanunnik Faberstraat 2, Nijmegen",tandarts@bochem.nl,024 323 44 22,https://www.bochem.nl,https://www.tandarts.nl/tandarts-nijmegen/tandartspraktijk-bochem-brakkenstein,A,98,official_site_and_email_verified,brabant-dental-top-100.csv
41,adjacent_south,Utrecht,Dental Clinics Utrecht Oudenoord,"Oudenoord 619-621, Utrecht",oudenoord@dentalclinics.nl,+31302315370,https://www.dentalclinics.nl/tandarts/utrecht-oudenoord/,https://www.tandarts.nl/tandarts-utrecht/dental-clinics-utrecht-oudenoord,A,98,official_site_and_email_verified,brabant-dental-top-100.csv
42,adjacent_south,Utrecht,Boelens Tandartsen,"Amsterdamsestraatweg 591, Utrecht",info@boelenstandartsen.nl,+31302442023,http://www.boelenstandartsen.nl/,https://www.tandarts.nl/tandarts-utrecht/boelens-tandartsen,A,98,official_site_and_email_verified,brabant-dental-top-100.csv
43,adjacent_south,Weert,Tandzorg Oranjeplein,"Nassaulaan 3, Weert",info@tandzorgoranjeplein.nl,0495524261,https://www.tandzorgoranjeplein.nl/,https://www.tandarts.nl/tandarts-weert/tandzorg-oranjeplein,A,95,official_site_and_email_verified,brabant-dental-top-100.csv
44,adjacent_south,Venlo,Tandartspraktijk Wermenbol,"Kraanvogelstraat 2, Venlo",info@tandartswermenbol.nl,0031773526126,https://www.tandartswermenbol.nl,https://www.tandarts.nl/tandarts-venlo/tandartspraktijk-wermenbol,A,95,official_site_and_email_verified,brabant-dental-top-100.csv
45,adjacent_south,Nijmegen,Fortuna Kliniek Voor Tandheelkunde,"Dick Boerrigterplein 2, Nijmegen",info@fortunakliniek.nl,024-2036180,https://www.fortunakliniek.nl,https://www.tandarts.nl/tandarts-nijmegen/fortuna-kliniek-voor-tandheelkunde,A,95,official_site_and_email_verified,brabant-dental-top-100.csv
46,adjacent_south,Utrecht,Tandartspraktijk Bartoklaan,"Bartoklaan 42, Utrecht",post@bartoklaan.nl,//030-2993666,https://www.bartoklaan.nl,https://www.tandarts.nl/tandarts-utrecht/tandartspraktijk-bartoklaan,A,95,official_site_and_email_verified,brabant-dental-top-100.csv
47,adjacent_south,Venlo,Dental Clinics Venlo,"Deken van Oppensingel 9, Venlo",venlo@dentalclinics.nl,+31773513493,https://www.dentalclinics.nl/tandarts/venlo/,https://www.tandarts.nl/tandarts-venlo/dental-clinics-venlo,A,93,official_site_and_email_verified,brabant-dental-top-100.csv
48,adjacent_south,Maastricht,Dental Clinics Maastricht Centrum,"Koningin Emmaplein 10, Maastricht",maastricht@dentalclinics.nl,+31433251545,https://www.dentalclinics.nl/tandarts/maastricht-centrum/,https://www.tandarts.nl/tandarts-maastricht/dental-clinics-maastricht-centrum,A,93,official_site_and_email_verified,brabant-dental-top-100.csv
49,adjacent_south,Maastricht,Dental Clinics Maastricht Heerderrein,"Rijksweg 72a 03, Maastricht",heerderrein@dentalclinics.nl,+31433614521,https://www.dentalclinics.nl/tandarts/maastricht-heerderrein/,https://www.tandarts.nl/tandarts-maastricht/dental-clinics-maastricht-heerderrein,A,93,official_site_and_email_verified,brabant-dental-top-100.csv
50,adjacent_south,Arnhem,Mondzorg Velperweg B.V.,"Velperweg 101B, Arnhem",info@mondzorgvelperweg.nl,0263614731,https://www.tandarts-in-arnhem.nl,https://www.tandarts.nl/tandarts-arnhem/mondzorg-velperweg-bv,A,93,official_site_and_email_verified,brabant-dental-top-100.csv
51,adjacent_south,Arnhem,Tandartsenpraktijk St.Elisabeths Gasthuis,"Sint Elisabethshof 1, Arnhem",info@tpeg.nl,00000193-644,https://tpeg.nl,https://www.tandarts.nl/tandarts-arnhem/tandartsenpraktijk-stelisabeths-gasthuis,A,93,official_site_and_email_verified,brabant-dental-top-100.csv
52,adjacent_south,Utrecht,Mondzorgpraktijk Zuilen,"Amsterdamsestraatweg 697, Utrecht",info@mhzuilen.nl,0938706558-970,https://www.mhzuilen.nl,https://www.tandarts.nl/tandarts-utrecht/mondzorgpraktijk-zuilen,A,92,official_site_and_email_verified,brabant-dental-top-100.csv
53,adjacent_south,Utrecht,Jeugdtandarts Groen - Tandarts Utrecht,"Van Heuven Goedhartplein 33, Utrecht",info@jeugdtandartsgroen.nl,//030 8082793,https://www.jeugdtandartsgroen.nl,https://www.tandarts.nl/tandarts-utrecht/jeugdtandarts-groen-tandarts-utrecht,A,92,official_site_and_email_verified,brabant-dental-top-100.csv
54,adjacent_south,Utrecht,Tandheelkunde Vleutenseweg,"Vleutenseweg 492, Utrecht",info@tandheelkundevleutenseweg.nl,0302935075,https://www.tandheelkundigcentrumvleutenseweg.nl/,https://www.tandarts.nl/tandarts-utrecht/tandheelkunde-vleutenseweg,A,92,official_site_and_email_verified,brabant-dental-top-100.csv
55,adjacent_south,Utrecht,Tandheelkundig Centrum Contrast,"Pablo Picassostraat 187, Utrecht",info@thcc.nl,030-6663653,https://www.thcc.nl,https://www.tandarts.nl/tandarts-utrecht/tandheelkundig-centrum-contrast,A,92,official_site_and_email_verified,brabant-dental-top-100.csv
56,adjacent_south,Utrecht,Studentist Utrecht,"Keistraat 4, Utrecht",utrecht@studentist.nl,020 751 0839,https://www.studentist.nl/tandarts-utrecht,https://www.tandarts.nl/tandarts-utrecht/studentist-utrecht,A,92,official_site_and_email_verified,brabant-dental-top-100.csv
57,adjacent_south,Nijmegen,Tandheelkundig centrum Nijmegen,"Meijhorst 60-11, Nijmegen",info@tc-nijmegen.nl,//024 344 2670,https://www.tc-nijmegen.nl,https://www.tandarts.nl/tandarts-nijmegen/tandheelkundig-centrum-nijmegen,A,92,official_site_and_email_verified,brabant-dental-top-100.csv
58,adjacent_south,Utrecht,Sure Dental Utrecht,"Dillenburgstraat 11, Utrecht",info@suredental.nl,0302516343,https://www.suredental.nl/,https://www.tandarts.nl/tandarts-utrecht/sure-dental-utrecht-0,A,92,official_site_and_email_verified,brabant-dental-top-100.csv
59,adjacent_south,Nijmegen,Mondzorgcentrum Takenhofplein,"Takenhofplein 6, Nijmegen",balie@mctp.nl,024 212 212 8,https://www.mondzorgcentrumtakenhofplein.nl,https://www.tandarts.nl/tandarts-nijmegen/mondzorgcentrum-takenhofplein,A,90,official_site_and_email_verified,brabant-dental-top-100.csv
60,adjacent_south,Nijmegen,Mondzorg de Villa,"Graafseweg 232, Nijmegen",info@dental-styling.nl,,https://www.dental-styling.nl,https://www.tandarts.nl/tandarts-nijmegen/mondzorg-de-villa,A,88,official_site_and_email_verified,brabant-dental-top-100.csv
61,adjacent_south,Arnhem,Radic Tandartspraktijk,"Aalburgstraat 108, Arnhem",info@tandartspraktijkradic.nl,0 1 1 0-4 2 2 0 0 1 0 4,https://www.tandartspraktijkradic.nl,https://www.tandarts.nl/tandarts-arnhem/radic-tandartspraktijk,A,88,official_site_and_email_verified,brabant-dental-top-100.csv
62,adjacent_south,Weert,Mondzorg Moesel B.V.,"Christinelaan 12, Weert",info@mondzorgmoesel.nl,0495546882,https://www.mondzorgmoesel.nl,https://www.tandarts.nl/tandarts-weert/mondzorg-moesel-bv,A,88,official_site_and_email_verified,brabant-dental-top-100.csv
63,adjacent_south,Arnhem,Tandartsenpraktijk Swaters & Kremer,"Mauvestraat 46, Arnhem",info@swaterskremer.nl,026-4434624,https://www.swaterskremer.nl,https://www.tandarts.nl/tandarts-arnhem/tandartsenpraktijk-swaters-kremer,A,88,official_site_and_email_verified,brabant-dental-top-100.csv
64,adjacent_south,Utrecht,Tandartspraktijk Knol,"Zamenhofdreef 14, Utrecht",balie@tandartspraktijkknol.nl,(030) 2617452 (Bereikbaar vanaf 8:15 uur),https://www.tandartspraktijkknol.nl,https://www.tandarts.nl/tandarts-utrecht/tandartspraktijk-knol,A,88,official_site_and_email_verified,brabant-dental-top-100.csv
65,adjacent_south,Nijmegen,Tandheelkunde en Implantologie Praktijk St. Jacobslaan,"Sint Jacobslaan 433, Nijmegen",info@tcsw.nl,024 3222319,https://tcsw.nl/,https://www.tandarts.nl/tandarts-nijmegen/tandheelkunde-en-implantologie-praktijk-st-jacobslaan,A,88,official_site_and_email_verified,brabant-dental-top-100.csv
66,adjacent_south,Utrecht,Tandgenoten Utrecht Leidsche Rijn,"Vaduzdijk 33, Utrecht",leidscherijn@tandgenoten.nl,030-2006716,https://tandgenoten.nl/leidscherijn/,https://www.tandarts.nl/tandarts-utrecht/tandgenoten-utrecht-leidsche-rijn,A,88,official_site_and_email_verified,brabant-dental-top-100.csv
67,adjacent_south,Utrecht,Proclin Utrecht,"Livingstonelaan 466, Utrecht",balie@paropraktijk.nl,030 287 05 60,https://www.parodontologie-utrecht.nl/,https://www.tandarts.nl/tandarts-utrecht/proclin-utrecht,A,87,official_site_and_email_verified,brabant-dental-top-100.csv
68,adjacent_south,Nijmegen,Tandartsenpraktijk Villa Westhof,"Berg en Dalseweg 172, Nijmegen",info@tandarts-villawesthof.nl,+31 (0)24 323 33 66,https://www.tandartsnijmegenoost.nl,https://www.tandarts.nl/tandarts-nijmegen/tandartsenpraktijk-villa-westhof,A,87,official_site_and_email_verified,brabant-dental-top-100.csv
69,adjacent_south,Nijmegen,Tandartspraktijk de Oversteek,"Wolfskuilseweg 269, Nijmegen",info@tpdo.nl,021-09-03-08-02-14-,https://tandartspraktijkdeoversteek.nl/,https://www.tandarts.nl/tandarts-nijmegen/tandartspraktijk-de-oversteek,A,87,official_site_and_email_verified,brabant-dental-top-100.csv
70,adjacent_south,Geleen,Vos & Nos Geleen,"Bloemenmarkt 11, Geleen",geleen@vosnos.nl,0850400800,https://vosnos.nl/,https://www.tandarts.nl/tandarts-geleen/vos-nos-geleen,A,87,official_site_and_email_verified,brabant-dental-top-100.csv
71,adjacent_south,Maastricht,Tandartsenpraktijk van Nouhuys,"Hertogsingel 89B, Maastricht",hertogsingeltandartsen@gmail.com,043 - 321 173 6,https://www.de-tandarts.net,https://www.tandarts.nl/tandarts-maastricht/tandartsenpraktijk-van-nouhuys,A,83,official_site_and_email_verified,brabant-dental-top-100.csv
72,national_backup,Rotterdam,Dental Clinics Rotterdam Zuiderterras,"Zuiderterras 6, Rotterdam",zuiderterras@dentalclinics.nl,+31104101470,https://www.dentalclinics.nl/tandarts/rotterdam-zuiderterras/,https://www.tandarts.nl/tandarts-rotterdam/dental-clinics-rotterdam-zuiderterras,A,95,official_site_and_email_verified,brabant-dental-top-100.csv
73,national_backup,Gouda,Dental Clinics Gouda Büchnerweg,"Buchnerweg 7, Gouda",buchnerweg@dentalclinics.nl,+31182510527,https://www.dentalclinics.nl/tandarts/gouda-buchnerweg/,https://www.tandarts.nl/tandarts-gouda/dental-clinics-gouda-buchnerweg,A,95,official_site_and_email_verified,brabant-dental-top-100.csv
74,national_backup,Delft,Dental Clinics Delft,"Bagijnhof 80 , Delft",delft@dentalclinics.nl,+31152143352,https://www.dentalclinics.nl/tandarts/delft/,https://www.tandarts.nl/tandarts-delft/dental-clinics-delft,A,95,official_site_and_email_verified,brabant-dental-top-100.csv
75,national_backup,Leiden,Van Leeuwen Tandartsen - centrum voor mondzorg en implantologie Leiden,"Lammermarkt 218, Leiden",info@vanleeuwen-tandartsen.nl,+31715898372,https://vanleeuwen-tandartsen.nl/behandelingen/implantaten/,https://www.tandarts.nl/tandarts-leiden/van-leeuwen-tandartsen-centrum-voor-mondzorg-en-implantologie-leiden,A,95,official_site_and_email_verified,brabant-dental-top-100.csv
76,national_backup,Dordrecht,Dental Clinics Dordrecht Kuipershaven,"Schrijversstraat 2A, Dordrecht",kuipershaven@dentalclinics.nl,+31786135133,https://www.dentalclinics.nl/tandarts/dordrecht-kuipershaven/,https://www.tandarts.nl/tandarts-dordrecht/dental-clinics-dordrecht-kuipershaven,A,95,official_site_and_email_verified,brabant-dental-top-100.csv
77,national_backup,Haarlem,Dental Clinics Haarlem Zijlweg,"Zijlweg 148 A1, Haarlem",haarlem@dentalclinics.nl,+31235531010,https://www.dentalclinics.nl/tandarts/haarlem-zijlweg/,https://www.tandarts.nl/tandarts-haarlem/dental-clinics-haarlem-zijlweg,A,95,official_site_and_email_verified,brabant-dental-top-100.csv
78,national_backup,Gouda,Dental Clinics Gouda Burghvliet,"Noothoven van Goorstraat 60, Gouda",gouda@dentalclinics.nl,+31182550366,https://www.dentalclinics.nl/tandarts/gouda-burghvliet/,https://www.tandarts.nl/tandarts-gouda/dental-clinics-gouda-burghvliet,A,95,official_site_and_email_verified,brabant-dental-top-100.csv
79,national_backup,Amersfoort,Kliniek voor tandheelkunde Dorrestein B.V.,"Dorresteinseweg 16-A, Amersfoort",info@tandartsdorrestein.nl,+310334612200,http://www.tandartsdorrestein.nl/,https://www.tandarts.nl/tandarts-amersfoort/kliniek-voor-tandheelkunde-dorrestein-bv,A,95,official_site_and_email_verified,brabant-dental-top-100.csv
80,national_backup,Amersfoort,Dental Clinics Amersfoort Hogekwartier,"De Velduil 3A, Amersfoort",hogekwartier@dentalclinics.nl,+31334722990,https://www.dentalclinics.nl/tandarts/amersfoort-hogekwartier/,https://www.tandarts.nl/tandarts-amersfoort/dental-clinics-amersfoort-hogekwartier,A,95,official_site_and_email_verified,brabant-dental-top-100.csv
81,national_backup,Rotterdam,Mondzorg Centrum Rotterdam,"Heer Bokelweg 216, Rotterdam",info@mondzorgcentrum-rotterdam.nl,//010-2827206,https://www.mondzorgcentrum-rotterdam.nl/de-praktijk/het-team/,https://www.tandarts.nl/tandarts-rotterdam/mondzorg-centrum-rotterdam,A,95,official_site_and_email_verified,brabant-dental-top-100.csv
82,national_backup,Amersfoort,Kliniek Implantologie Amersfoort,"Dorresteinseweg 16B, Amersfoort",info@implantologie-amersfoort.nl,033 - 421 78 50,https://www.implantologie-amersfoort.nl/,https://www.tandarts.nl/tandarts-amersfoort/kliniek-implantologie-amersfoort,A,95,official_site_and_email_verified,brabant-dental-top-100.csv
83,national_backup,Rotterdam,Dental Clinics Rotterdam Pleinweg,"Goereesestraat 2, Rotterdam",pleinweg@dentalclinics.nl,+31104100100,https://www.dentalclinics.nl/tandarts/rotterdam-pleinweg/,https://www.tandarts.nl/tandarts-rotterdam/dental-clinics-rotterdam-pleinweg,A,95,official_site_and_email_verified,brabant-dental-top-100.csv
84,national_backup,Delft,De Tandartsengroep Delft,"Adriaan Pauwstraat 86, Delft",receptie@detandartsengroepdelft.nl,0031152122268,https://www.detandartsengroepdelft.nl,https://www.tandarts.nl/tandarts-delft/de-tandartsengroep-delft,A,95,official_site_and_email_verified,brabant-dental-top-100.csv
85,national_backup,Rotterdam,Loef Mondzorg,"Weena 91, Rotterdam",info@loef.nl,0102004815,https://loef.nl,https://www.tandarts.nl/tandarts-rotterdam/loef-mondzorg,A,95,official_site_and_email_verified,brabant-dental-top-100.csv
86,national_backup,Leiden,Tandartsenpraktijk Unident,"Breestraat 61, Leiden",info@unident.nl,+31 (0)71-5146004,https://www.unident.nl/behandeling/tandartscontrole/,https://www.tandarts.nl/tandarts-leiden/tandartsenpraktijk-unident,A,95,official_site_and_email_verified,brabant-dental-top-100.csv
87,national_backup,Rotterdam,"Ordentall, kliniek voor parodontologie en implantologie","Westblaak 113, Rotterdam",administratie@ordentall.nl,+31104121500,https://www.ordentall.nl,https://www.tandarts.nl/tandarts-rotterdam/ordentall-kliniek-voor-parodontologie-en-implantologie,A,95,official_site_and_email_verified,brabant-dental-top-100.csv
88,national_backup,Amstelveen,Tandartsenpraktijk Arnout & Hobbelink,"Texelstraat 78, Amstelveen",info@ahtandartsen.nl,+3120-6420707,https://www.ahtandartsen.nl,https://www.tandarts.nl/tandarts-amstelveen/tandartsenpraktijk-arnout-hobbelink,A,95,official_site_and_email_verified,brabant-dental-top-100.csv
89,national_backup,Haarlem,Tandartspraktijk Kirsten Knetsch,"Wilhelminastraat 17, Haarlem",info@tpkk.nl,0235315157,https://www.tpkk.nl,https://www.tandarts.nl/tandarts-haarlem/tandartspraktijk-kirsten-knetsch,A,95,official_site_and_email_verified,brabant-dental-top-100.csv
90,national_backup,Rotterdam,Dental Clinics Rotterdam Eudokiaplein,"Eudokiaplein 35C, Rotterdam",eudokiaplein@dentalclinics.nl,+31107900694,https://www.dentalclinics.nl/tandarts/rotterdam-eudokiaplein/,https://www.tandarts.nl/tandarts-rotterdam/dental-clinics-rotterdam-eudokiaplein,A,95,official_site_and_email_verified,brabant-dental-top-100.csv
91,national_backup,Amersfoort,LICHT Dentist,"Vondellaan 10, Amersfoort",info@lichtdentist.nl,033 - 465 0712,https://lichtdentist.nl/,https://www.tandarts.nl/tandarts-amersfoort/licht-dentist,A,95,official_site_and_email_verified,brabant-dental-top-100.csv
92,national_backup,Rotterdam,Tandartsenpraktijk Willemsplein,"Willemsplein 497A, Rotterdam",info@tandartswillemsplein.nl,0031104137911,https://www.tandartswillemsplein.nl,https://www.tandarts.nl/tandarts-rotterdam/tandartsenpraktijk-willemsplein,A,92,official_site_and_email_verified,brabant-dental-top-100.csv
93,national_backup,Rotterdam,Tandartsenpraktijk Zalmhaven,"Westerstraat 31, Rotterdam",info@tandartszalmhaven.nl,0031850299175,https://tandartszalmhaven.nl/,https://www.tandarts.nl/tandarts-rotterdam/tandartsenpraktijk-zalmhaven,A,92,official_site_and_email_verified,brabant-dental-top-100.csv
94,national_backup,Leiden,De Mond van Leiden,"Mangoweg 171, Leiden",info@demondvanleiden.nl,06 23 81 02 67,https://demondvanleiden.nl/afspraak-maken/,https://www.tandarts.nl/tandarts-leiden/de-mond-van-leiden,A,92,official_site_and_email_verified,brabant-dental-top-100.csv
95,national_backup,Haarlem,Dental Clinics Haarlem Rijksstraatweg,"Rijksstraatweg 126, Haarlem",rijksstraatweg@dentalclinics.nl,+31235252416,https://www.dentalclinics.nl/tandarts/haarlem-rijksstraatweg/,https://www.tandarts.nl/tandarts-haarlem/dental-clinics-haarlem-rijksstraatweg,A,92,official_site_and_email_verified,brabant-dental-top-100.csv
96,national_backup,Amstelveen,MID Tandartsen,"Belcampoplantsoen 1, Amstelveen",amstelveen@midtandartsen.nl,020-4263888,https://midtandartsen.nl/,https://www.tandarts.nl/tandarts-amstelveen/mid-tandartsen,A,92,official_site_and_email_verified,brabant-dental-top-100.csv
97,national_backup,Amersfoort,Eemvallei Tandartsen,"Aalscholverpad 2, Amersfoort",info@eemvalleitandartsen.nl,123-456-7890,https://eemvalleitandartsen.nl,https://www.tandarts.nl/tandarts-amersfoort/eemvallei-tandartsen,A,92,official_site_and_email_verified,brabant-dental-top-100.csv
98,national_backup,Rotterdam,Rodin Dental Clinic,"P.C. Hooftplein 8, Rotterdam",info@rodindentalclinic.nl,//010 - 415 2745,https://www.rodindentalclinic.nl,https://www.tandarts.nl/tandarts-rotterdam/rodin-dental-clinic,A,92,official_site_and_email_verified,brabant-dental-top-100.csv
99,national_backup,Amstelveen,Tandartspraktijk Rembrandt,"Meester G. Groen van Prinstererlaan 92, Amstelveen",info@tandartspraktijkrembrandt.nl,+31 (0) 20 2260032,https://www.tandartspraktijkrembrandt.nl,https://www.tandarts.nl/tandarts-amstelveen/tandartspraktijk-rembrandt,A,92,official_site_and_email_verified,brabant-dental-top-100.csv
100,national_backup,Rotterdam,Mondzorg Erasmus,"Prins Hendrikkade 45, Rotterdam",info@mondzorgerasmus.nl,+31103105636,https://mondzorgerasmus.nl/,https://www.tandarts.nl/tandarts-rotterdam/mondzorg-erasmus,A,92,official_site_and_email_verified,brabant-dental-top-100.csv
